"","baseMean","log2FoldChange","lfcSE","stat","pvalue","padj"
"g1",608.87712620036,-2.08778296818304,0.653471389256063,-3.19491105886036,0.00139873938851429,0.0114356395952857
"g2",75.755433142294,-2.05040014138556,0.708065647492136,-2.89577689391905,0.00378221192977123,0.0227308432203139
"g3",36.77589384651,-0.504168381957664,0.729438840158762,-0.691172932124004,0.489456871938519,0.652249796305736
"g4",176.10105159864,-1.97849264255181,0.672175775627721,-2.94341556820337,0.00324612354007319,0.0204858197808319
"g5",116.950020000153,0.691919719211242,0.674131448689881,1.02638694657538,0.304709228441224,0.485981765923394
"g6",871.678069596791,-0.380085123234718,0.648926939044944,-0.585713275818241,0.5580682111395,0.704376775534209
"g7",33.4138888013887,-3.70732833907833,0.931570071224203,-3.97965590951888,6.90150867138564e-05,0.00104619834145909
"g8",3.68244492387595,-5.39664024837275,2.20823526304207,-2.44387015219489,0.0145306552369949,0.061337266787012
"g9",307.577508035058,-0.849455652434786,0.656368152355194,-1.29417560767802,0.195604770213776,0.367518279438926
"g10",16.8517393501753,-1.34824957408637,0.845519856280249,-1.59458061696837,0.110806049893407,0.256774270448807
"g11",0,NA,NA,NA,NA,NA
"g12",7950.43430610637,-0.830335622598081,0.645626953327127,-1.28609194259795,0.198410975801784,0.370108860308569
"g13",9729.84282620877,-1.15398206963569,0.645572880590206,-1.78753182534662,0.0738515730840875,0.193700296456097
"g14",1061.44939453412,-1.64550303415638,0.649216357362244,-2.53459885213311,0.0112576159410908,0.0512262246716577
"g15",196.418748046116,-0.949579051073964,0.662944686178607,-1.43236543088926,0.152039266430658,0.313580987013232
"g16",1090.83867024333,-1.07456571726171,0.648513817293107,-1.6569665728125,0.0975262334611595,0.232908044384217
"g17",0,NA,NA,NA,NA,NA
"g18",1088.68291366782,0.7133937929814,0.64837552973196,1.10027871236337,0.271210704317354,0.449541030443834
"g19",3885.17110250082,1.12473023208273,0.646174180893543,1.74059915319957,0.0817538661919536,0.207239199913961
"g20",312.292632213049,0.901363283214114,0.65665156245329,1.37266601460075,0.169856199103478,0.329432453915853
"g21",1407.6829264947,2.00396705707169,0.6488828053977,3.08833435005795,0.00201281872565301,0.0149739035612466
"g22",740.238228471797,-2.63490124127781,0.653931655787427,-4.02932205217227,5.59379408425939e-05,0.000898472235657592
"g23",31.3958811988969,-0.809581213771286,0.746839780707629,-1.08400922752697,0.278360707524009,0.456693568836853
"g24",414.256413021089,0.80221861934185,0.653668484185536,1.22725607666615,0.219726358728739,0.393297180564754
"g25",4008.32711478486,0.87548753713148,0.64608741932682,1.35506049327455,0.175398284371943,0.337833354418255
"g26",451.029488477015,-0.995623577397878,0.65305766171943,-1.52455692009877,0.127369649448162,0.281482257053423
"g27",308.156687832981,-0.569921096803979,0.655892296082824,-0.868924822272971,0.384888251641117,0.560202226727047
"g28",63.627401692326,1.79893461786905,0.716501264174743,2.51072078699127,0.0120484952093113,0.0537297759334152
"g29",2372.89876679089,-0.287090170331119,0.646558910815567,-0.444027861233842,0.657022440632132,0.78365446617502
"g30",0,NA,NA,NA,NA,NA
"g31",0,NA,NA,NA,NA,NA
"g32",458.005397218745,-0.908345545291622,0.652802245421383,-1.39145591434859,0.164087219276717,0.322940976276827
"g33",1.57819068166112,-4.1742520876459,2.29624622305941,-1.81785909791691,0.0690856712339172,0.183587837905651
"g34",1035.21985654685,-0.644115278206456,0.64842617206076,-0.993351758395865,0.320538562351712,0.498490246082879
"g35",29.0374478826335,-0.146616589275259,0.748208373199715,-0.195956894532271,0.844643905006314,0.910890485791122
"g36",0,NA,NA,NA,NA,NA
"g37",18.2619975975108,2.94084336546566,0.998914175074916,2.94404007756233,0.00323958045786509,0.0204858197808319
"g38",0,NA,NA,NA,NA,NA
"g39",1798.98755948937,-1.11976226035321,0.647230040081795,-1.730083882095,0.0836152894993487,0.210119988370078
"g40",96.3427336537151,-0.891686710358855,0.680498959887266,-1.31034250295779,0.190079995050468,0.359343407584595
"g41",9393.42662893901,-3.07252286741075,0.646061071990868,-4.75577774395634,1.97683865439956e-06,5.97993692955866e-05
"g42",764.177745819612,0.1364320937596,0.649425167944495,0.21008131574485,0.833604207959169,0.905983016434666
"g43",0,NA,NA,NA,NA,NA
"g44",51.1366782710095,2.45428595500192,0.760199359463133,3.22847674685649,0.00124451376221749,0.0104573725852997
"g45",153.6419476295,0.622603029718959,0.667076762353634,0.93333041241347,0.35064939735581,0.526844914073506
"g46",1938.01897591498,0.397237825690764,0.646900543505501,0.614063212156484,0.539173556808541,0.68915493352641
"g47",1813.26491566473,-0.623233598297523,0.647035518155967,-0.96321388982435,0.335440196059338,0.513342289922174
"g48",3.42826584982741,1.17530918195383,1.36865702997779,0.858731702837852,0.390488555419988,0.563831923697118
"g49",138.867635418842,-2.20772683154532,0.682562198849961,-3.23446981867014,0.00121868800403798,0.0102879940805997
"g50",3301.630302695,-6.8188057889633,0.671363269219203,-10.1566560185719,3.09510364778356e-24,1.87253770690905e-21
"g51",24.7935285732906,-2.26209227895985,0.837200242641253,-2.7019727942544,0.00689294022284239,0.0362905946542278
"g52",3037.60194427361,-0.0658643884555117,0.646254329146812,-0.101917133061942,0.91882245055915,0.953494995863269
"g53",5.70273294892799,5.88100118557729,2.17999450991375,2.69771375975161,0.00698174445529219,0.0366238907120096
"g54",629.146267255586,-1.52155310823194,0.651694522037464,-2.33476430563654,0.0195557368356463,0.076166657417807
"g55",3.80182196595199,5.29604100967454,2.19979505496391,2.40751564457054,0.0160614740316819,0.0650735051411106
"g56",0.950455491487998,3.29604811023646,2.37056909796141,1.39040372755678,0.164406315195475,0.322940976276827
"g57",87.2448652573128,-1.70903557598319,0.693589145037432,-2.4640460252459,0.0137378469494181,0.0592261097700566
"g58",485.838210535842,-0.836432843874026,0.652273317097155,-1.28233490769858,0.199725187509698,0.372177839147949
"g59",1303.75894371712,0.13320475164544,0.647676367939956,0.205665604365218,0.837052127892335,0.907746036627179
"g60",6067.84453069635,3.34874532864717,0.6468934672668,5.17665658736053,2.25897464710095e-07,1.05129204730467e-05
"g61",665.903251203129,0.449984506467871,0.650181921399053,0.692090154551822,0.488880714164528,0.652187152048822
"g62",574.152370358694,-2.49524577822435,0.655709314381235,-3.80541456937974,0.00014156687221801,0.00184851707248697
"g63",714.983154688123,-1.50488524427064,0.650887071482446,-2.31205275109113,0.0207747764918755,0.078429956040622
"g64",4.95562071667882,0.438345396784017,1.13291968097472,0.386916569766784,0.698817973828589,0.811943129149578
"g65",167.288750224104,1.06170025531385,0.667252597402737,1.5911519257422,0.111575388983525,0.2569915368085
"g66",733.42784319137,1.15044256303556,0.650412472198927,1.76878921024704,0.076929058035766,0.199558905389083
"g67",39.5941299186209,0.513896595748931,0.725183429201164,0.70864359975106,0.478545672770474,0.644209976983038
"g68",608.782833806445,-0.287071392513109,0.650502245338391,-0.441307304579363,0.658990538676471,0.784259947666213
"g69",396.11781534275,-0.452055948923189,0.653430243731132,-0.691819751626307,0.489050531095563,0.652187152048822
"g70",609.695060082435,-1.77567030075895,0.652511186320128,-2.72128714110318,0.00650282493383983,0.0346118101317281
"g71",1152.17041451503,0.0661133740852565,0.647994665256016,0.102027651815831,0.918734726632373,0.953494995863269
"g72",31.1594075373049,0.55382273184723,0.74589893704684,0.74249030845911,0.457790321552292,0.626613449183567
"g73",878.599786165103,-2.31705854037506,0.651540851813962,-3.55627514978395,0.000376150126550232,0.00418842012078939
"g74",4349.61091991085,0.913746287459426,0.646024341273609,1.41441464211397,0.157240193445358,0.319611109732532
"g75",9686.67796830554,-2.08127996153538,0.645714596138205,-3.22321962982221,0.00126758321322212,0.0106021360921574
"g76",633.843686021121,-0.605303416205801,0.650438962538686,-0.930607560536165,0.352056602156864,0.528521698027054
"g77",52.7148689526706,2.19125174511427,0.744833423603671,2.94193530482628,0.00326168061155192,0.0204858197808319
"g78",2096.7227767359,0.49392384463466,0.646790319464916,0.763653737185304,0.445073616787279,0.614770635060054
"g79",377.37884754496,0.956068936569833,0.654809608322611,1.46007163672955,0.144270386818434,0.302770927336799
"g80",169.980767986458,-0.403391621981183,0.664153969052091,-0.607376663813244,0.543600971648832,0.691818564737882
"g81",24.1834987955741,-0.50918645216993,0.769723035050821,-0.661519051636946,0.508279500844631,0.665124220643839
"g82",0.950455491487998,3.29604811023646,2.37056909796141,1.39040372755678,0.164406315195475,0.322940976276827
"g83",4.63290041536395,-1.95396808979245,1.32449567380496,-1.47525441451928,0.140144157060759,0.296604991916321
"g84",4298.98608469701,0.609130019671755,0.645985663741583,0.942946653248685,0.345708190250086,0.522013615061486
"g85",318.740196971666,0.698601853435285,0.655971755618946,1.06498770328322,0.286881494408531,0.462835477645763
"g86",55.754153696477,5.10130520149963,1.06222192939896,4.80248530021038,1.56708326903665e-06,4.82077310729072e-05
"g87",337.315793180251,-0.210937121726257,0.654713819391753,-0.322182174071449,0.747314688125978,0.851460237883647
"g88",110.038091640568,-0.894228881125694,0.676219927648356,-1.32239356541221,0.186037130420313,0.354682134152172
"g89",0,NA,NA,NA,NA,NA
"g90",18.7526503331513,-0.862823146855982,0.809590233130303,-1.06575290998738,0.286535352890058,0.462688314497737
"g91",18210.7364768703,-0.327891216377431,0.645371119214006,-0.508066144603385,0.611406956959662,0.750306711887617
"g92",0,NA,NA,NA,NA,NA
"g93",0,NA,NA,NA,NA,NA
"g94",98.1573979969681,-1.42672370208826,0.684649366581061,-2.08387500482604,0.037171538489342,0.121490445429839
"g95",7.85782300595253,0.990885955232807,1.0108216416345,0.980277740819386,0.326949039173267,0.505462100595809
"g96",592.814751175027,-1.3413025408914,0.651725042247983,-2.05808040805808,0.0395824153769234,0.125818010348714
"g97",1948.09520284162,1.37396121139582,0.64729883877675,2.12260725508531,0.033786776499745,0.111390768978274
"g98",48.1128185170996,-0.206737514619504,0.709249300864214,-0.291487794725488,0.770678277210916,0.866118311540442
"g99",1342.41804313415,0.0993379983918534,0.647601267148033,0.153393767787589,0.87808775931135,0.927389285940334
"g100",0,NA,NA,NA,NA,NA
"g101",1184.19175048154,-0.0345528751230999,0.647913203130139,-0.0533294814122805,0.957469390847212,0.973561313382459
"g102",63.7976145492117,2.25548055914848,0.730846749058456,3.0861197125857,0.00202787160089528,0.0149739035612466
"g103",1366.71635812668,-0.0199824180483941,0.647550894502629,-0.0308584517727247,0.975382424812154,0.984115459431598
"g104",1092.79672034077,-1.51186784851296,0.648932224044937,-2.32977773717132,0.019817901411383,0.0763683462031
"g105",2737.17081493809,-2.12361760148579,0.647071350779965,-3.2818909366425,0.00103113479120688,0.00912931534653894
"g106",6414.91324500154,-0.994967208983226,0.64574854947409,-1.54079666116718,0.123366282315556,0.275411811073474
"g107",52.5800669206981,3.96885752190941,0.884974452632689,4.48471423113126,7.30117186012668e-06,0.000169892652899102
"g108",57.2306727485187,4.71135995654395,0.977013466588974,4.82220575013426,1.41979382331489e-06,4.44297549882159e-05
"g109",33.4847104512152,0.821674006920245,0.743653165888471,1.10491563084864,0.269196148757473,0.447837772680856
"g110",3135.53936953493,0.307291281175164,0.646239158813561,0.475507058005158,0.634425603744316,0.768944354445506
"g111",0.950455491487998,3.29604811023646,2.37056909796141,1.39040372755678,0.164406315195475,0.322940976276827
"g112",0,NA,NA,NA,NA,NA
"g113",0,NA,NA,NA,NA,NA
"g114",0,NA,NA,NA,NA,NA
"g115",2.85136647446399,4.8810050904053,2.2194189561099,2.19922654844784,0.0278618174939238,0.0961391611244708
"g116",0,NA,NA,NA,NA,NA
"g117",7286.70174603298,1.91195971118765,0.645879954886999,2.96024005191826,0.00307399416486737,0.0198551580399797
"g118",102.540680183404,0.461615518535281,0.676983598890619,0.681871051664672,0.495320491574947,0.658130814208293
"g119",361.158866262054,-0.335499218909801,0.654142400398654,-0.512884073414806,0.608032414855486,0.747682136153595
"g120",1675.30548364479,-0.707312142547476,0.64721065932869,-1.09286231979109,0.274454254371563,0.452849519713079
"g121",641.310247498492,-0.642175001697999,0.650403047380909,-0.987349312528526,0.323471423822652,0.501795413878729
"g122",1137.31441650977,-0.138995961648201,0.648026053198707,-0.214491317072989,0.830163937383215,0.905207428517028
"g123",0,NA,NA,NA,NA,NA
"g124",110.592724758355,-4.8119489691742,0.828671552329753,-5.80682292718476,6.36694093024201e-09,4.2799991808849e-07
"g125",0,NA,NA,NA,NA,NA
"g126",3.90349359557141,1.43834319485507,1.3430723558895,1.07093500104279,0.284198656680804,0.459323741652412
"g127",0,NA,NA,NA,NA,NA
"g128",0,NA,NA,NA,NA,NA
"g129",0,NA,NA,NA,NA,NA
"g130",262.40968186785,5.4707639959071,0.780603861575484,7.00837424102094,2.41103193905462e-12,4.86224774376015e-10
"g131",0,NA,NA,NA,NA,NA
"g132",74.6570310514972,0.575081957674589,0.689152181234245,0.834477454086613,0.404011987037466,0.576479368296384
"g133",544.112426683252,0.123686218477296,0.651125577846275,0.189957548413952,0.849342396234355,0.913990487477292
"g134",3795.88542541542,0.956325360789196,0.646155079611297,1.48002451882679,0.138866703431175,0.295132396636513
"g135",147.75357683379,0.810314405751146,0.668723302308964,1.21173346727009,0.225614423727759,0.399885082688815
"g136",1535.04744726316,1.14642468406268,0.64768901648841,1.77002335206837,0.0767232506697862,0.199558905389083
"g137",0,NA,NA,NA,NA,NA
"g138",705.353995367561,0.980379716133583,0.650385598918904,1.50738226332688,0.131712702435592,0.284255118811652
"g139",0.526063560553707,-2.58929567907527,2.58075382973868,-1.00330982724433,0.315711396044123,0.493979468810417
"g140",2.10425424221483,-4.5892881797993,2.258163564981,-2.03230990481326,0.0421222923781135,0.12956560543054
"g141",3189.28637977369,0.29638256729216,0.64622053015776,0.458639974220262,0.646492725720287,0.778622625867498
"g142",3.90349359557141,1.43834319485507,1.3430723558895,1.07093500104279,0.284198656680804,0.459323741652412
"g143",14.3076681871297,4.71135100588225,1.60292706644182,2.93921732592644,0.00329042263545948,0.020522739118072
"g144",7.60364393190398,6.2960369847398,2.17002648654777,2.90136411871911,0.0037154187637869,0.0225793666616055
"g145",1382.72561691464,-0.330278984095236,0.647541330785156,-0.510050815898912,0.610015861462983,0.749613262393577
"g146",3761.91877450124,0.18467865530698,0.646056880050592,0.285855101941671,0.774989102864772,0.868811131377122
"g147",6.16025528221536,-1.73157680471261,1.15815469241299,-1.49511703061437,0.134883901930713,0.288356044763538
"g148",0,NA,NA,NA,NA,NA
"g149",0,NA,NA,NA,NA,NA
"g150",0,NA,NA,NA,NA,NA
"g151",0,NA,NA,NA,NA,NA
"g152",0,NA,NA,NA,NA,NA
"g153",1312.38278885429,-0.778563340337777,0.647796728143502,-1.20186365029819,0.229416359794797,0.40289540667824
"g154",23.0297000448472,-0.146616591306116,0.772827016569915,-0.189714629745804,0.849532756129031,0.913990487477292
"g155",0,NA,NA,NA,NA,NA
"g156",3102.97211272331,-0.50781726100512,0.646255686981618,-0.785783817821265,0.431994148498482,0.603594595477094
"g157",58.75574719281,1.19218465372854,0.708302122927359,1.68315837993162,0.0923444354467398,0.22141975098022
"g158",758.018566473447,2.2312362502054,0.652750252505879,3.41820817631213,0.000630348737814465,0.00632090032670306
"g159",599.510729676061,0.401644511888728,0.650700573435924,0.617249359052975,0.537070263473693,0.687919921104271
"g160",87.1191849155809,5.7602675787067,1.05906595899483,5.43900739116742,5.3578232683775e-08,2.70123589780699e-06
"g161",12.355921389344,6.99647375425618,2.15846772073084,3.24140763702838,0.00118940970155102,0.0100877505061453
"g162",406.825262368631,1.040314672787,0.654303895678139,1.58995640964172,0.111844631012933,0.257285177805416
"g163",1832.64919551469,0.499996924773069,0.647021728826116,0.772766821417587,0.439660392396158,0.61051622978717
"g164",14.25683237232,7.20292374672742,2.15599383053133,3.34088328302512,0.000835123224902716,0.00777307001640221
"g165",37.5252865013193,2.79198093442942,0.823225682785495,3.39151340004649,0.000695077641336872,0.00678261246788399
"g166",3483.07772233705,0.137389723178463,0.646123555739049,0.212636920536528,0.831610171504232,0.905563875529625
"g167",126.765893103547,-3.54871292157178,0.724404194231868,-4.89880228445489,9.64226091609668e-07,3.1819461023119e-05
"g168",1.05212712110741,-3.58929158146617,2.37057675858604,-1.51410055315275,0.130000338405299,0.281482257053423
"g169",2293.28114476003,-2.07040322620753,0.647385003575563,-3.19810192508711,0.00138335376732068,0.0114126685803956
"g170",0,NA,NA,NA,NA,NA
"g171",2304.10153697787,-0.23644020032653,0.646596452692219,-0.365668879471994,0.714612170766568,0.823838331060832
"g172",11.7613166015239,1.13349037034487,0.914354414414377,1.23966194341703,0.215100458888447,0.389755567936682
"g173",14.8337317476834,3.71135861016344,1.23641397316485,3.00171195951746,0.00268466068053823,0.0182496596823104
"g174",2.95303810408341,0.853381601300992,1.40616144727133,0.606887354902945,0.543925670457828,0.691818564737882
"g175",7.90865882076223,0.590348435809392,0.985547223627956,0.599005731695154,0.549169062401732,0.695077997391313
"g176",2.47781035833941,0.438344846644334,1.46653889776738,0.298897524853693,0.765018235709843,0.862347554688748
"g177",36.5040093600048,-0.883581753290752,0.734583900988748,-1.20283299443597,0.229040953978798,0.402819119642943
"g178",393.19562721846,-0.768811226946554,0.653830442642411,-1.17585718988467,0.239651948450053,0.413075295761487
"g179",158.122340600435,0.609617177650115,0.66642245118771,0.914760864619199,0.360317184056364,0.538251595936049
"g180",370.645177796452,-2.63728012652011,0.662551279712861,-3.98049208759066,6.87727540474783e-05,0.00104619834145909
"g181",0,NA,NA,NA,NA,NA
"g182",0,NA,NA,NA,NA,NA
"g183",0,NA,NA,NA,NA,NA
"g184",68.3442683248527,0.91611867537335,0.696181086603614,1.31592008602636,0.188200866319086,0.356932677501715
"g185",159.494907600297,0.106502453432641,0.665200093376664,0.160105890683234,0.872797660944086,0.924228561618154
"g186",1121.19718279253,0.609030770369321,0.648228389224222,0.939531159840421,0.347458101754155,0.523078761098536
"g187",21.1641998867845,2.81685505001318,0.941229846088892,2.9927387680258,0.00276486297935281,0.0184075969786688
"g188",0.950455491487998,3.29604811023646,2.37056909796141,1.39040372755678,0.164406315195475,0.322940976276827
"g189",2104.16479153314,0.34196204232621,0.646756702344724,0.528733666132064,0.596990219409737,0.739644234277166
"g190",2253.94334578756,-0.675731576153485,0.646686249517716,-1.04491409343778,0.296062675480747,0.475113842614993
"g191",5513.15661686242,0.401241981273504,0.645793707967193,0.621316027584907,0.53439171022236,0.685941268779055
"g192",0,NA,NA,NA,NA,NA
"g193",0,NA,NA,NA,NA,NA
"g194",89.6055789961363,-0.792979174971738,0.682429469652279,-1.16199433089516,0.245237767722032,0.419911838127819
"g195",281.513084091524,-0.483651034805942,0.656788390135028,-0.73638791743336,0.461494655639491,0.629784060139606
"g196",14.8845675624931,3.07577222236066,1.08829824056879,2.82622180915513,0.00471006364115749,0.0270530554072811
"g197",36.7427634441569,0.325451603511312,0.729258532129971,0.44627740255675,0.655396877360537,0.782918246999822
"g198",3.80182196595199,5.29604100967454,2.19979505496391,2.40751564457054,0.0160614740316819,0.0650735051411106
"g199",5932.31110206816,-0.0427831068304947,0.64573647853386,-0.0662547467159258,0.947175010906993,0.967974462160019
"g200",1194.45710016403,0.43086737336041,0.647972334697821,0.66494717488416,0.506084280897954,0.664934951991296
"g201",21.5531809928055,-0.213730744840119,0.781020773085389,-0.273655646822023,0.784349265681087,0.874750581572107
"g202",1747.66859973019,-0.34014933238342,0.647052708732567,-0.525690299712518,0.599103404664952,0.741727612187508
"g203",358.406890994649,-0.622294767624576,0.654462340732443,-0.950848855456118,0.34168110769996,0.51948651541303
"g204",4.75227745743999,5.61796783599995,2.18793623121106,2.56770181683509,0.010237517681224,0.0482625833543417
"g205",0,NA,NA,NA,NA,NA
"g206",0,NA,NA,NA,NA,NA
"g207",0,NA,NA,NA,NA,NA
"g208",501.284252483802,-0.624573984369095,0.651835624652212,-0.95817712433612,0.33797345031961,0.515226486700782
"g209",1628.70754194569,-2.06248516584751,0.648267408082018,-3.18153456449343,0.00146497040754301,0.0117651384499583
"g210",2.37613872871999,4.61797165985415,2.2349940207416,2.06621208692175,0.0388084580655006,0.124667878564396
"g211",20.6027255013175,-0.35812056230629,0.787671472299598,-0.454657271337708,0.649355825414038,0.779918616035457
"g212",60.2962466269977,-1.39237226489622,0.707684691153928,-1.96750372348152,0.0491251670749292,0.146407517637104
"g213",13.8478654312821,-1.66118848516534,0.904256103360236,-1.83707743745641,0.0661984644481634,0.179328676079726
"g214",0,NA,NA,NA,NA,NA
"g215",0,NA,NA,NA,NA,NA
"g216",9.69019276166219,-1.26209269834986,0.960870433468281,-1.31348895167302,0.189018241396253,0.357735253528884
"g217",15960.9401394566,1.80056897398221,0.645492602700514,2.78944943202952,0.00527977407938904,0.0296680803532233
"g218",0,NA,NA,NA,NA,NA
"g219",244.412189521139,-0.893167519130753,0.659339400388557,-1.35463999057905,0.175532285732605,0.337833354418255
"g220",0,NA,NA,NA,NA,NA
"g221",0,NA,NA,NA,NA,NA
"g222",0,NA,NA,NA,NA,NA
"g223",374.339024833129,-0.996439979545745,0.654658970811638,-1.52207488780055,0.127990317433243,0.281482257053423
"g224",298.873181589797,-0.628701279708258,0.65630243746181,-0.957944453382961,0.338090768959025,0.515226486700782
"g225",0,NA,NA,NA,NA,NA
"g226",43.1903282027739,-1.02108519490107,0.723529678896958,-1.41125543938673,0.158169308527559,0.32004157745543
"g227",190.085999484455,-1.58490843825365,0.666908788006045,-2.37649955549736,0.0174777824542183,0.069872632498692
"g228",39.0680663580672,0.561202282515245,0.72672486640934,0.772234869694329,0.439975332540837,0.61051622978717
"g229",1.900910982976,4.29604472599437,2.25815520226483,1.90245768833144,0.057111345376143,0.161208540991757
"g230",0,NA,NA,NA,NA,NA
"g231",0,NA,NA,NA,NA,NA
"g232",4144.20965763331,1.13648629964327,0.646115824039618,1.75895134797624,0.0785857725269832,0.202316563314148
"g233",18.4807658466461,-1.73157791726509,0.851248213486715,-2.03416334957409,0.0419351284742166,0.12956560543054
"g234",0.526063560553707,-2.58929567907527,2.58075382973868,-1.00330982724433,0.315711396044123,0.493979468810417
"g235",2207.74752976182,-1.72487651002991,0.647184923470032,-2.66519884422151,0.00769428125060281,0.0394494928526669
"g236",0.950455491487998,3.29604811023646,2.37056909796141,1.39040372755678,0.164406315195475,0.322940976276827
"g237",0,NA,NA,NA,NA,NA
"g238",704.736586354139,-0.294714540879903,0.649783668943469,-0.453557937765812,0.650147033642781,0.779918616035457
"g239",2732.32719202778,-2.74568958874168,0.647706627851022,-4.23909447684888,2.24423201663213e-05,0.000428766432651296
"g240",340.029539232158,-3.01025214925337,0.668011614282713,-4.50628714365343,6.597179905156e-06,0.000159651753704775
"g241",10.1654205074062,-1.03970054131523,0.934727669878292,-1.11230316039602,0.266007825498489,0.44440256494009
"g242",5.63419172166166,-1.56165197187296,1.17056828060439,-1.33409729081899,0.18217197361272,0.348044349586407
"g243",18.0055381009021,-1.90150273865303,0.868061807457217,-2.19051537841877,0.0284868807391494,0.0970050441680228
"g244",151.597112924311,-1.55495849242418,0.672049105250916,-2.31375725415723,0.0206810413384629,0.078429956040622
"g245",319.173172624816,-0.282820501687868,0.655280783483398,-0.431602007591962,0.666030699080074,0.788455490616366
"g246",65.9966991533655,-2.94103069747341,0.751737738151752,-3.9123095039825,9.14176443893833e-05,0.00129627362942758
"g247",375.742441812784,-1.62084403463665,0.656401997700516,-2.46928565165056,0.0135383099335898,0.0586444690440705
"g248",51.4194269022908,-2.87243985222655,0.774971068509855,-3.70651237051957,0.000210132976937079,0.00255967351101207
"g249",184.204469956425,0.0177704127405925,0.662502004164555,0.0268231833698402,0.978600762213611,0.985113912045316
"g250",0.475227745743999,2.29605134051971,2.58074822374486,0.889684363392864,0.373635392471387,0.54910788448224
"g251",0,NA,NA,NA,NA,NA
"g252",1580.99900097404,-0.289628179605286,0.647242509347157,-0.447480156854067,0.654528411973878,0.782600394746123
"g253",1583.19916151425,0.369714127995617,0.647276487128766,0.571184239420809,0.567874760548376,0.714270748714693
"g254",37.3882040467866,0.881951998478679,0.735077566574024,1.19980807275781,0.230213888215289,0.403318732732384
"g255",2086.25623566627,1.64069603946053,0.647349103469363,2.53448414567578,0.0112613022831909,0.0512262246716577
"g256",298.15007806966,-2.29827793174177,0.663572088857612,-3.46349397500794,0.00053320853595083,0.00556191662500435
"g257",2.00258261259541,-0.146616345112197,1.58038860682795,-0.0927723374357121,0.926084427739266,0.955571739813408
"g258",0,NA,NA,NA,NA,NA
"g259",3234.78402461082,-1.64978565050809,0.646517585688723,-2.55180321004046,0.010716703004543,0.0496194284521569
"g260",1099.92513652693,-1.4760671422874,0.648866381532237,-2.2748399120352,0.0229155350041287,0.0848810123112114
"g261",2533.69782871425,-1.3987834500252,0.646752781030605,-2.1627791809356,0.0305581676061301,0.10233039521241
"g262",22.0615391409026,-1.68718391432653,0.81885950286288,-2.06040707646163,0.0393596409687564,0.125557065585529
"g263",526.971097434115,0.091414220071414,0.651309136372,0.140354579671061,0.888379842714907,0.934730095378294
"g264",46.6894157024278,1.68988367019253,0.736978614808489,2.29298874653461,0.0218486528477311,0.0815952776103539
"g265",438.603821373893,1.8915887952977,0.656426265326596,2.88164702604726,0.0039560262277241,0.0235415986994073
"g266",1102.85242346436,-0.508348869459436,0.648179583042471,-0.784271647485889,0.432880732206498,0.604368099195996
"g267",297.975842335679,-0.35621124487751,0.656038978735765,-0.542972683671869,0.58714861031808,0.732422493283378
"g268",232.452090505497,-0.183929405218467,0.658953088099131,-0.279123671381592,0.78014991763864,0.872964025848692
"g269",3.32659422020799,5.10339667790114,2.20822665240791,2.31108372518566,0.0208282307501817,0.078429956040622
"g270",87.1477544728137,0.486325724511615,0.682561420518861,0.712501043703768,0.476154565375244,0.643500026921867
"g271",1540.79256085515,-0.343545096932734,0.647302524104616,-0.530733442462539,0.595603508005502,0.739412015752384
"g272",1432.30180991645,-0.224399726070468,0.647448484152692,-0.346590858675246,0.728898714439764,0.835196443628896
"g273",38.4911669827037,0.689884227490659,0.72954446205881,0.945636987694721,0.344333771920134,0.520804830029203
"g274",685.157418416696,-0.0034911169550171,0.649889550986471,-0.00537186195672467,0.995713894895927,0.997362427834496
"g275",1415.62886714537,-0.422250083503694,0.647502147623778,-0.652121518134387,0.514322783638917,0.670053682790865
"g276",483.075909091686,0.820418647057307,0.652494883457195,1.25735644501974,0.208624593301127,0.381322897121395
"g277",2652.007014046,0.733868179819416,0.646506075417333,1.13512959541129,0.256321022951995,0.43236306380843
"g278",875.231477820326,-1.72819500227718,0.650212555242061,-2.65789238971833,0.00786309956251961,0.040088555353857
"g279",4.8539490870594,1.85338010620108,1.31038919676855,1.41437376832132,0.157252187873912,0.319611109732532
"g280",2317.8213130944,1.01129953000009,0.646789329380991,1.56356866766486,0.11791889784092,0.266663527671979
"g281",1600.97560518926,0.973284503727988,0.647481676652828,1.50318462872865,0.132791440205449,0.285226584583301
"g282",714.929909900292,2.53483181449906,0.654448206347918,3.87323517722577,0.000107400098515122,0.00147675135458292
"g283",1083.55882254879,0.15950891637591,0.648184103462861,0.246085819636349,0.80561579989947,0.889411603903612
"g284",16921.4176656978,1.93588504722235,0.645491578259289,2.99908645197648,0.00270790458105293,0.0183389806515339
"g285",152.355627269361,1.62249880684668,0.673935493568434,2.40749867358326,0.016062220552737,0.0650735051411106
"g286",115.773954991849,-0.978888544383841,0.675212408162429,-1.44974904570824,0.147128513350758,0.306588119094862
"g287",0,NA,NA,NA,NA,NA
"g288",1.900910982976,4.29604472599437,2.25815520226483,1.90245768833144,0.057111345376143,0.161208540991757
"g289",0.475227745743999,2.29605134051971,2.58074822374486,0.889684363392864,0.373635392471387,0.54910788448224
"g290",40.3943583882399,8.70541749389489,2.14555771165872,4.05741474423672,4.96189213857657e-05,0.000811336417253736
"g291",16.5975602761267,-0.409650808643321,0.818939763424247,-0.500220928252942,0.616919523689826,0.754012751176454
"g292",1804.93106984409,2.13575756132981,0.648242748851427,3.29468793151023,0.000985310352330582,0.00889064774346335
"g293",691.45649860798,-0.78635944703223,0.650132827733362,-1.20953659542745,0.226456760489819,0.400164797446486
"g294",2092.99700378338,-0.277450515395462,0.646740678750654,-0.428998089205443,0.667924615251277,0.78976102715379
"g295",1413.4498969267,-2.34901959362679,0.649203477026877,-3.61831024748122,0.000296532794914992,0.00347230337271426
"g296",8.55409942339198,6.46596127933522,2.16669362132582,2.984252695302,0.00284271895636999,0.0185366909882027
"g297",0,NA,NA,NA,NA,NA
"g298",1048.29539654726,0.884980431626465,0.64861485255295,1.36441592131784,0.172436699777256,0.333304164106198
"g299",0,NA,NA,NA,NA,NA
"g300",302.632751463155,-1.80099927980643,0.659990275613281,-2.72882699390214,0.00635600398693543,0.0343337715365708
"g301",96.3912890459647,-2.07066657861062,0.695489014347416,-2.97728150394086,0.00290816851695362,0.0188511637795387
"g302",2261.22816374478,0.247902479641498,0.646636201217699,0.383372411217722,0.701443656247582,0.812804084249311
"g303",394.714398363095,0.0396787332920079,0.653331874681433,0.0607328906328891,0.951571937082061,0.970828030243924
"g304",116.965444990049,0.186366692878869,0.672439425220563,0.277150157901197,0.781664809219765,0.873146603731257
"g305",4.00516522519082,-0.146616327702304,1.20704329857865,-0.121467330852962,0.903320889273979,0.942548879276722
"g306",595.238240809486,0.679099001566152,0.650966726767843,1.04321614860101,0.296848195975639,0.475533517825053
"g307",20907.3000115208,-1.98770046079936,0.645425349767146,-3.07967522737754,0.00207226429887723,0.0152273672164461
"g308",0.950455491487998,3.29604811023646,2.37056909796141,1.39040372755678,0.164406315195475,0.322940976276827
"g309",70.6364408364099,1.56033558918278,0.704443759980268,2.21498958160476,0.0267607796315122,0.0946799513278648
"g310",5502.74613897121,0.469798204167522,0.645799855775542,0.727467186568724,0.46693980951487,0.634828280351678
"g311",1435.22171761818,-0.201025502188269,0.647442146326181,-0.310491838273056,0.756186965135578,0.856728677728511
"g312",0,NA,NA,NA,NA,NA
"g313",1193.53065338465,0.115534977180531,0.647903019110235,0.178321405785692,0.85847056883721,0.916543577905609
"g314",268.536268779688,0.343383071455872,0.65735110755418,0.522373914807118,0.601410014392254,0.743568921063992
"g315",10.0637488777868,-0.436122897884959,0.914740858169463,-0.476772075927283,0.633524432120521,0.768944354445506
"g316",33.3476279966826,-0.677130996798491,0.739411445082148,-0.91577024037444,0.359787415365309,0.538251595936049
"g317",173.389048001269,-1.06487271782961,0.665766874877552,-1.59946785881389,0.109716684752746,0.254649338652473
"g318",0,NA,NA,NA,NA,NA
"g319",0,NA,NA,NA,NA,NA
"g320",0,NA,NA,NA,NA,NA
"g321",485.792473534178,0.915159558110498,0.652605124740867,1.40231745571088,0.160820470107124,0.322940976276827
"g322",67.2944216263055,2.9122753529075,0.756096441574716,3.8517247176063,0.000117288830108954,0.00156528843123347
"g323",5255.35690263387,0.606651610855625,0.645841138251812,0.939320174768881,0.347566383407623,0.523078761098536
"g324",730.18695764286,0.262694058331666,0.649658074244304,0.404357413147273,0.685949911941093,0.803670353920445
"g325",54.953925226858,1.05132218594895,0.710052214058252,1.48062658651565,0.138706106663723,0.295132396636513
"g326",0.475227745743999,2.29605134051971,2.58074822374486,0.889684363392864,0.373635392471387,0.54910788448224
"g327",0,NA,NA,NA,NA,NA
"g328",0,NA,NA,NA,NA,NA
"g329",47.8786252780678,3.58518464888263,0.857899106835356,4.17902830334883,2.92757253717728e-05,0.000526093480690768
"g330",454.973491710644,1.03231108729953,0.653329225659063,1.58007792511984,0.114089021973506,0.261124306282362
"g331",6723.79267446945,2.1842963776498,0.646030816979388,3.38110244935807,0.000721956195327118,0.00696994943892935
"g332",3213.01168971749,0.909392029453941,0.646317232914531,1.407036642599,0.159416523522928,0.321567607882496
"g333",2100.31159578435,0.0263855272529589,0.646729440448582,0.0407984013139365,0.967456613866019,0.979873746744879
"g334",26.7452753710763,-1.88358103230747,0.801095786093905,-2.35125569876193,0.0187101714637732,0.0735031779793158
"g335",314.095894443501,-0.64318332473651,0.655788616976308,-0.980778421714731,0.326702021483985,0.505462100595809
"g336",39.7289319505934,-0.40295618351912,0.722836703484323,-0.557465028514367,0.577209746413206,0.724005314263973
"g337",0,NA,NA,NA,NA,NA
"g338",692.186981363822,1.15891292739102,0.650735150925431,1.78092873228517,0.0749240940873328,0.195383952253605
"g339",40.2549955111471,-0.436123028182197,0.722075351226164,-0.603985480797277,0.545853295252485,0.692813797820462
"g340",75.6760277702515,0.952918591326656,0.691789512893658,1.37746897512327,0.168367300433205,0.328234855302113
"g341",27.9167795342597,-0.953971028243111,0.76145200850508,-1.25283145567637,0.210267051379728,0.383938328223548
"g342",9.48684950242335,0.0053864622395056,0.925025562697705,0.00582304149930381,0.995353911347256,0.997362427834496
"g343",1.425683237232,3.88100866997155,2.29623807327888,1.69015953316623,0.090997437894114,0.219496269765882
"g344",2877.6717805976,0.00221668138628061,0.646314049819465,0.003429727988893,0.997263478354876,0.997444031073641
"g345",702.112571851027,-0.876363551859166,0.650136366782885,-1.34796882105786,0.177668411000856,0.341236154461961
"g346",23856.09081617,-2.31295106292659,0.645426978080724,-3.58359836430219,0.000338893058245106,0.00379685741182017
"g347",0.950455491487998,3.29604811023646,2.37056909796141,1.39040372755678,0.164406315195475,0.322940976276827
"g348",64675.4542600526,-0.659316092739554,0.64524449593271,-1.02180816248034,0.306871705326366,0.487716414332184
"g349",294.704644775401,0.176408409471378,0.656135383679544,0.268859771716771,0.788037594948599,0.877328450161482
"g350",2510.89320021819,-1.65556726251709,0.646902510623974,-2.55922219395965,0.0104906665849727,0.0488958987896956
"g351",7866.25191546985,-1.87342232129373,0.645784028259658,-2.90100442146652,0.00371968629852344,0.0225793666616055
"g352",8.28221493688681,1.55382147271627,1.04724308578409,1.48372569254339,0.137881707328404,0.293726876527057
"g353",335.240108495269,-0.811951756473174,0.65538554657511,-1.23889176487983,0.215385583823963,0.389755567936682
"g354",55.3074955079658,-0.93321247523749,0.706025640282032,-1.32178269738859,0.186240521592332,0.354697320766089
"g355",2653.22077030178,0.86705117852485,0.646541520013359,1.34106032124114,0.179900868616826,0.344794167412396
"g356",753.460639135466,-2.37663531225459,0.652791484906385,-3.6407265829998,0.000271869729989721,0.00322512130674081
"g357",1566.1805656658,1.35203037362571,0.647793214600452,2.08713265769481,0.0368761447283296,0.120812640220069
"g358",4269.37104715435,-1.62720226879772,0.646188991321668,-2.51815225986682,0.0117972310706161,0.0528690725757239
"g359",2137.09392148098,-1.46467788079286,0.647079293349627,-2.26352148159604,0.0236035619244206,0.0865463937228754
"g360",183.386536074349,-0.668914520766592,0.663301038564792,-1.00846294800615,0.313232266638737,0.493979468810417
"g361",28.4605485072701,0.00538641586179148,0.750159836157489,0.00718035757470312,0.994270952779401,0.997017557621333
"g362",17.3115421060228,2.85338060057131,1.000827449812,2.8510215233478,0.00435790194879634,0.0253512565290556
"g363",3878.46720679606,0.420390490026359,0.646048820867017,0.650710095658378,0.515233644948483,0.670357753105015
"g364",326.042848891807,-0.703672404449148,0.655490784029131,-1.0735046496365,0.283044753613758,0.459323741652412
"g365",1.900910982976,4.29604472599437,2.25815520226483,1.90245768833144,0.057111345376143,0.161208540991757
"g366",3839.92346154401,0.570765329160443,0.646075110127397,0.883434944658209,0.377001317242864,0.551660691369487
"g367",117.378972776208,2.80091450591344,0.707279113535738,3.96012614017608,7.49101840140958e-05,0.00111444249168511
"g368",61.876717731219,0.0397965006729874,0.695481711400006,0.0572214912637702,0.954368758654077,0.971587641348353
"g369",140912.907533045,-2.05945983733555,0.645228080457574,-3.19183231435781,0.00141373380772575,0.0115063984799203
"g370",41.7315145631888,-0.390542016808592,0.719234793509222,-0.54299655735938,0.587132172750689,0.732422493283378
"g371",540.777248740829,0.698105280896817,0.651566923631196,1.07142529121377,0.283978245986662,0.459323741652412
"g372",2545.63258598081,0.258894565569428,0.646476167827551,0.4004703938885,0.688810085338365,0.805534990263616
"g373",3014.09271273882,-2.10683471158416,0.646886927489422,-3.2568824968543,0.00112643052066606,0.00979849315384119
"g374",1636.76509475135,0.476645480312056,0.647233952552945,0.736434605187164,0.461466251361323,0.629784060139606
"g375",95.295167377728,0.977928045029063,0.682673764988308,1.43249688970516,0.152001667607567,0.313580987013232
"g376",11422.0509087847,-0.0959403358504299,0.645475071424977,-0.148635230232251,0.881841472075752,0.929723236415078
"g377",663.935541447422,-0.456244666447015,0.65012174062892,-0.701783432139417,0.482814232560946,0.647677629045171
"g378",786.71907355138,0.308883311518931,0.649354613698451,0.475677395683171,0.634304227221677,0.768944354445506
"g379",267.351082081143,-1.85250266381202,0.662241115831906,-2.79732354202277,0.00515279051932624,0.0291349370485269
"g380",1347.42006737098,-2.28398250917124,0.649278117659362,-3.51772598991163,0.000435261553941477,0.00467455455860225
"g381",74.3143249151656,-1.1318189741036,0.692970113374918,-1.63328685070037,0.102408681006796,0.241078801591874
"g382",353.406737762816,-2.02108435260542,0.659009743234432,-3.06685048795471,0.00216327031138419,0.0156427713751486
"g383",170.120130863551,0.389436282872468,0.664374362693936,0.586169943845159,0.557761317399043,0.704376775534209
"g384",0.950455491487998,3.29604811023646,2.37056909796141,1.39040372755678,0.164406315195475,0.322940976276827
"g385",5.00645653148853,-0.146616372969145,1.1175052220302,-0.131199720662408,0.895617316927567,0.938536622530908
"g386",125074.528647702,0.154198326468437,0.645218469862721,0.238986225086279,0.811116264087174,0.89262995130556
"g387",247.033923601692,0.380630477362642,0.658449399834434,0.578070961046287,0.563216211485646,0.709394464848333
"g388",468.998411266493,1.66266273694536,0.6548087699508,2.5391577102278,0.0111119719683019,0.0509298715213838
"g389",1378.02015239492,0.00825650351513927,0.647532651325941,0.0127507138029759,0.989826677982443,0.993658971536579
"g390",2410.97333049593,1.557828801631,0.647003990894259,2.40775763914198,0.0160508324741979,0.0650735051411106
"g391",1101.68776056886,-0.290017338271247,0.648132441417859,-0.447466165459644,0.654538511969484,0.782600394746123
"g392",200.012665907709,-1.85798931914791,0.667929603791656,-2.78171428336251,0.00540726209164324,0.0301974790656384
"g393",2.10425424221483,-4.5892881797993,2.258163564981,-2.03230990481326,0.0421222923781135,0.12956560543054
"g394",1.425683237232,3.88100866997155,2.29623807327888,1.69015953316623,0.090997437894114,0.219496269765882
"g395",1917.08159003153,-0.164706141549529,0.646875826485044,-0.254617864520459,0.799018259959606,0.88374048862077
"g396",1238.9628562522,0.64923045867899,0.647958725423225,1.00196267633395,0.316361619528309,0.494570490477072
"g397",0,NA,NA,NA,NA,NA
"g398",0,NA,NA,NA,NA,NA
"g399",916.405540875143,-2.62493701461659,0.652226404133649,-4.02457949874521,5.70772107222348e-05,0.000901228223633368
"g400",4206.87530650563,-2.82012119001709,0.64688954647262,-4.35950960313818,1.30354233685695e-05,0.000275108062952949
"g401",594.660265498073,-1.69037864664485,0.652469756084908,-2.59073869843077,0.00957701788339974,0.0461068632848025
"g402",124.803282160985,-0.678229206563222,0.671667232391291,-1.00976968036474,0.312605649520013,0.493979468810417
"g403",2303.23625219006,-0.801435691154462,0.646683405636176,-1.23930146369853,0.215233876867421,0.389755567936682
"g404",146.730019269915,-0.55587130707715,0.667429872753701,-0.832853502321854,0.404927356133739,0.577331619310869
"g405",219.46615350342,-0.726040302313295,0.660485039509995,-1.09925321374718,0.271657633564324,0.449870989889825
"g406",40.9358469386901,1.53145437888234,0.743547511673824,2.05965907334534,0.0394311445640504,0.125557065585529
"g407",91.849196115444,0.648563326017357,0.681557310796641,0.951590300248238,0.341304802691594,0.51948651541303
"g408",115.455795535655,0.443507477306426,0.67343933250026,0.658570796065369,0.510171421354605,0.666159086157272
"g409",0,NA,NA,NA,NA,NA
"g410",495.458119615703,0.276021022511007,0.651770145888226,0.423494423996435,0.67193456596684,0.792673489191687
"g411",70.7312711983489,-3.0535053517624,0.750801768685095,-4.06699275244132,4.76237235909087e-05,0.000785791439249993
"g412",154.090348272547,-2.0519785113714,0.676853194715425,-3.03164486389716,0.00243225179457471,0.017110608554857
"g413",3.68244492387595,-5.39664024837275,2.20823526304207,-2.44387015219489,0.0145306552369949,0.061337266787012
"g414",187.889195302861,0.41617451082033,0.662636131971941,0.628058885925575,0.529965365147163,0.682673625083109
"g415",102.865680907279,1.50288542512963,0.685633266238718,2.19196689999339,0.0283818967595749,0.0969558080619721
"g416",2113.14154043293,0.631144064365354,0.646810894155562,0.97577834583219,0.329174317780195,0.507528166062408
"g417",605.933747754541,-0.160923848265079,0.650502944687075,-0.247383735276543,0.804611260446973,0.889356587663449
"g418",468.018848249747,0.536909889426598,0.652362820535251,0.823023435005192,0.410494666781519,0.583156950765941
"g419",0,NA,NA,NA,NA,NA
"g420",671.53060165711,0.0509102348719572,0.649990563708205,0.0783245753315458,0.937569869221648,0.962650463038635
"g421",1857.64901428827,-0.510875110614679,0.646968006263329,-0.789645091672033,0.429735066528754,0.601488969065773
"g422",37.5938277285856,6.13876883879691,1.58879947116225,3.86377824906137,0.00011164658309557,0.0015235981076576
"g423",2553.18618916685,-1.60239599359498,0.646844034459648,-2.47725248781737,0.0132398203729748,0.057488693724759
"g424",249.615686012211,0.71025835987986,0.658954523275769,1.07785641465674,0.281097838781688,0.458908844874412
"g425",2386.03024141926,0.725933169926472,0.64665016382672,1.12260571563235,0.261604986840678,0.440457375803182
"g426",111.181026246519,1.17086506216732,0.679074592382118,1.72420684752768,0.0846705084220143,0.211385106995813
"g427",1501.48117956781,-0.512628845796018,0.647388862719748,-0.791840693153742,0.428453571428096,0.60096076672488
"g428",11.3369246705896,0.760273360384673,0.902884988913921,0.842048953875294,0.399760552313392,0.573116431634129
"g429",298.528195030905,-1.41876102506992,0.658395562867006,-2.15487634651101,0.031171511805643,0.104192069847591
"g430",83.7834690051323,-1.37739603641293,0.690542562867631,-1.9946576945134,0.0460802264379434,0.139160750390794
"g431",746.264219690065,-1.2272005191201,0.650227444934059,-1.88734038939951,0.0591145572803119,0.165030581208729
"g432",1719.54727245018,0.389612672298803,0.647115603543754,0.602075842654998,0.547123653989887,0.693456307256735
"g433",3133.57768221178,-2.16240468529586,0.646861302575937,-3.34291860818496,0.000829022117438797,0.00775605743892483
"g434",564.904812908448,-0.840266241382608,0.651291062926165,-1.29015472376882,0.19699694267265,0.368806205836334
"g435",2.47781035833941,0.438344846644334,1.46653889776738,0.298897524853693,0.765018235709843,0.862347554688748
"g436",2.00258261259541,-0.146616345112197,1.58038860682795,-0.0927723374357121,0.926084427739266,0.955571739813408
"g437",945.487392722469,1.12129503218947,0.649213166867875,1.72716002911517,0.0841389271621574,0.210637452136987
"g438",0.950455491487998,3.29604811023646,2.37056909796141,1.39040372755678,0.164406315195475,0.322940976276827
"g439",2711.75385491882,0.120307342701379,0.646387149191668,0.18612273287275,0.852348515131794,0.915377443000558
"g440",1731.45425522845,0.240182225670797,0.64707618514677,0.37118075303037,0.710502907638695,0.821901069065794
"g441",48.7405537072727,-0.355203062144057,0.708909146361084,-0.501055832002391,0.616331830115568,0.753802069851587
"g442",12.2188389348113,-1.14661574418555,0.898069602962423,-1.27675598907174,0.201688407857733,0.374682149705001
"g443",1568.31579843827,-0.431728177989438,0.647279316587297,-0.666988990573147,0.504779165763256,0.664934951991296
"g444",0,NA,NA,NA,NA,NA
"g445",0,NA,NA,NA,NA,NA
"g446",0,NA,NA,NA,NA,NA
"g447",0,NA,NA,NA,NA,NA
"g448",21.4692147756427,1.43834489021488,0.8176550995161,1.75910954516901,0.0785589039649938,0.202316563314148
"g449",0,NA,NA,NA,NA,NA
"g450",0,NA,NA,NA,NA,NA
"g451",0,NA,NA,NA,NA,NA
"g452",0,NA,NA,NA,NA,NA
"g453",0,NA,NA,NA,NA,NA
"g454",0,NA,NA,NA,NA,NA
"g455",0,NA,NA,NA,NA,NA
"g456",0,NA,NA,NA,NA,NA
"g457",0.950455491487998,3.29604811023646,2.37056909796141,1.39040372755678,0.164406315195475,0.322940976276827
"g458",0,NA,NA,NA,NA,NA
"g459",0,NA,NA,NA,NA,NA
"g460",0,NA,NA,NA,NA,NA
"g461",228.955283428403,-0.311312671831444,0.659234788649248,-0.47223337905045,0.636760216944062,0.769966551468003
"g462",59.2463999284504,0.169856965654379,0.697911344370063,0.243379000820931,0.807711809738338,0.891183546914944
"g463",0,NA,NA,NA,NA,NA
"g464",0,NA,NA,NA,NA,NA
"g465",0,NA,NA,NA,NA,NA
"g466",0,NA,NA,NA,NA,NA
"g467",0,NA,NA,NA,NA,NA
"g468",0,NA,NA,NA,NA,NA
"g469",124.47828143711,-1.56982710274124,0.677914689048722,-2.31567058230304,0.0205762617967827,0.078429956040622
"g470",38.0136588143996,-1.78404551427684,0.754368572767516,-2.36495206544965,0.0180324047112024,0.0714602937791099
"g471",472.185104641583,-0.155795508102309,0.651998582923397,-0.238950685143764,0.811143822638801,0.89262995130556
"g472",2.37613872871999,4.61797165985415,2.2349940207416,2.06621208692175,0.0388084580655006,0.124667878564396
"g473",19.6876808347428,3.06283378332077,0.996426613356941,3.07381772251359,0.00211338514985953,0.015404795369458
"g474",0,NA,NA,NA,NA,NA
"g475",35.2462585570984,-8.65536091258925,2.14709907161424,-4.0311884193038,5.54955310363364e-05,0.000898472235657592
"g476",0,NA,NA,NA,NA,NA
"g477",539.705135784704,0.488156418622292,0.651373220037957,0.749426601532446,0.453600122486978,0.622756597816842
"g478",773.522414054358,-1.03428680782773,0.649828975537423,-1.5916292544086,0.111468032819934,0.2569915368085
"g479",7120.1380751183,-0.563739009396688,0.645658916393998,-0.873122007739268,0.382596579487789,0.557313637054846
"g480",0,NA,NA,NA,NA,NA
"g481",30.8344068134299,-3.92797249742575,0.987145442556952,-3.97912235430205,6.91701382782871e-05,0.00104619834145909
"g482",6.8388262871982,-6.28972161377945,2.1769410387742,-2.88924757343041,0.00386164909850789,0.0230555694532625
"g483",0,NA,NA,NA,NA,NA
"g484",0,NA,NA,NA,NA,NA
"g485",0,NA,NA,NA,NA,NA
"g486",15.5631385674759,1.68988331969368,0.892673149338329,1.89305942600185,0.0583499671199787,0.163686538365937
"g487",0,NA,NA,NA,NA,NA
"g488",0,NA,NA,NA,NA,NA
"g489",1140.87627990505,0.934338787615673,0.648373200367121,1.44105090569233,0.149570301813937,0.309723418933201
"g490",1551.83197842305,-1.483894705311,0.647805052686491,-2.29065009474253,0.0219836591381573,0.0819308856997032
"g491",3.80182196595199,5.29604100967454,2.19979505496391,2.40751564457054,0.0160614740316819,0.0650735051411106
"g492",20.467923469345,1.53145420951772,0.83033264917518,1.84438635652712,0.0651268542259081,0.177155516302745
"g493",3727.48132813597,0.155551558094293,0.646063381369319,0.240768262959904,0.809734728591247,0.89262995130556
"g494",1074.24500429384,0.892202838534867,0.648537758241651,1.37571456279408,0.168910021521064,0.328871765762587
"g495",0,NA,NA,NA,NA,NA
"g496",6.58464721314965,-0.824687616384317,1.04533060270714,-0.78892516324365,0.43015574757431,0.601488969065773
"g497",71.1379577168265,-4.14661358678152,0.832288550223186,-4.98218266449727,6.28710424413472e-07,2.19444119290471e-05
"g498",278.749706711319,-3.33158349210711,0.678131679049784,-4.91288579347217,8.97455582308011e-07,3.01644792942415e-05
"g499",942.982345843869,-4.83874763811516,0.669731443828241,-7.22490736056302,5.01443549606182e-13,1.30017148933603e-10
"g500",9.99520765052044,-6.83720717667469,2.16529757690086,-3.15762934832293,0.00159057654335056,0.0125657253624597
"g501",1656.01644357433,-0.159703466968452,0.647140589647927,-0.246783263981846,0.805075963377987,0.889356587663449
"g502",137.327135984655,-0.852432918277609,0.669977518956659,-1.27233062925019,0.203255670290826,0.376054068886696
"g503",59.1424478762708,-1.24094331981869,0.706309327997063,-1.75694029602827,0.0789279862504893,0.202729277407171
"g504",0,NA,NA,NA,NA,NA
"g505",102.704051772609,-2.18314123857531,0.69473032322576,-3.14242975380517,0.00167551912172785,0.0131647930992903
"g506",0,NA,NA,NA,NA,NA
"g507",161.41808484085,1.47931706357708,0.67104000847984,2.20451395577484,0.0274882195799234,0.0961298010283328
"g508",947.507142779496,0.408210597877808,0.64868562779626,0.629288796276552,0.529160004834764,0.682120318732312
"g509",3.15638136332224,-5.17424862999822,2.21942751375186,-2.33134382535042,0.0197352370553321,0.0763673642594231
"g510",13952.5603254355,0.559857342301398,0.645435127024806,0.867410710789964,0.38571701532633,0.560958640077955
"g511",267.800020692215,-0.567995043365072,0.657486861572413,-0.86388805094399,0.387649391521398,0.561967768060173
"g512",16.0892021280296,1.49723843649459,0.87160670190815,1.71779133090279,0.0858346833362433,0.212537449188651
"g513",708.083166409364,-0.120106359838743,0.649736546615491,-0.184853938822409,0.853343599755892,0.915377443000558
"g514",2265.07182838577,-1.06002750470541,0.646788815236956,-1.63890821815937,0.101232375925772,0.239614882536487
"g515",3399.52562818037,-0.0820888751289563,0.646141369193057,-0.127044759928426,0.898904972245925,0.940895342921772
"g516",47.3988366872035,-1.21700528904431,0.720201176473299,-1.68981297004231,0.0910637416714652,0.219496269765882
"g517",0,NA,NA,NA,NA,NA
"g518",3069.01204597589,0.306768471014545,0.646261777856952,0.474681439511725,0.63501404914613,0.768944354445506
"g519",4305.44879357842,-0.769265821091444,0.645986213711563,-1.1908393782455,0.233716646734003,0.405928912748532
"g520",3504.65732101499,-0.679242257188392,0.646154050903237,-1.05120792207199,0.293163105500714,0.471294097859873
"g521",23.5734690178576,0.990886240056053,0.786195028128509,1.26035678757064,0.207540682793291,0.38070597829292
"g522",26.1375260159199,8.07738905451325,2.1486679696953,3.75925418372514,0.000170420628101403,0.00212698564327584
"g523",251.553750274636,-1.43382749060348,0.660902537704292,-2.16949914519017,0.0300448091881274,0.100993353167614
"g524",255.946154151312,0.730000881978196,0.658666446286302,1.10830130499905,0.267731712079033,0.446629648367137
"g525",295.787621876301,-0.224883223593195,0.656044741654702,-0.342786412746767,0.731759148412827,0.837945018529515
"g526",109.527453069911,-1.50651167007179,0.681526332613118,-2.21049664258093,0.0270707132752277,0.0955901645808136
"g527",0.526063560553707,-2.58929567907527,2.58075382973868,-1.00330982724433,0.315711396044123,0.493979468810417
"g528",1.57819068166112,-4.1742520876459,2.29624622305941,-1.81785909791691,0.0690856712339172,0.183587837905651
"g529",51.4725431396607,-0.60299459509679,0.70707466493016,-0.852801868040838,0.393769187835556,0.567665667928145
"g530",1941.81516109977,-0.362075287384537,0.646869401786296,-0.559734756945815,0.575660371186365,0.723061296680451
"g531",1563.29673530747,0.0793378841294315,0.647259864792783,0.122575009582637,0.902443644651826,0.942548879276722
"g532",2484.65266953568,-0.0310919693497709,0.646490666198384,-0.0480934543612264,0.961641762834007,0.976163198849957
"g533",64.10262943807,1.81274041065203,0.716368243415491,2.53045891873888,0.0113913423801879,0.0516135862596283
"g534",2502.07500496156,0.117893692947699,0.646487018863852,0.182360495273188,0.855299826130849,0.915445839323762
"g535",0,NA,NA,NA,NA,NA
"g536",1675.46872668353,0.68567256817394,0.647252187282077,1.0593592136833,0.28943621719085,0.466542392718821
"g537",7.38259526020853,0.853382555831407,1.02013816403607,0.836536251575071,0.402853291527029,0.575278303793515
"g538",2173.39030760372,1.2885676433745,0.647031098267752,1.99150805397806,0.046425060669633,0.139969244377714
"g539",557.334299378897,-0.955519344916427,0.651511666959197,-1.46661893159355,0.142479747097263,0.300349292661477
"g540",2175.96643323307,0.574112847655476,0.646750020844767,0.88768895114311,0.374708090820424,0.549794005528755
"g541",0,NA,NA,NA,NA,NA
"g542",1643.4200256463,0.136796134559565,0.647164138252863,0.211377804290687,0.83259247506448,0.905563875529625
"g543",0,NA,NA,NA,NA,NA
"g544",42.2907085260956,-1.1990833928295,0.728373655938834,-1.64624761350539,0.0997127900994185,0.237193596370176
"g545",1357.62586896598,0.620669848607585,0.647705445681062,0.958259426018799,0.33793195796977,0.515226486700782
"g546",3762.59626957017,-0.165434350311975,0.646050734425707,-0.256070214762676,0.797896620546369,0.883576794564771
"g547",29.0197424701769,-1.14661598678933,0.761965632056084,-1.50481326000926,0.132372093678922,0.284859120458207
"g548",0,NA,NA,NA,NA,NA
"g549",500.190411238126,0.0753310285427954,0.651631134495078,0.11560378955982,0.907966559412127,0.946559049588173
"g550",1.57819068166112,-4.1742520876459,2.29624622305941,-1.81785909791691,0.0690856712339172,0.183587837905651
"g551",3984.57067399416,-1.06778354357346,0.646102038860583,-1.65265465723731,0.0984011674495182,0.234688723943332
"g552",8.23137912207711,2.07577325245456,1.12193037616448,1.85018009722756,0.0642875965469783,0.175461635688369
"g553",12.9990815694136,-3.02108215792342,1.09757318268463,-2.75251090823298,0.00591401761618893,0.0322340599801288
"g554",42.7682166943997,0.928670965882011,0.725179421505479,1.28060854781853,0.200331196115967,0.372674079622758
"g555",1089.9515286155,0.561097487959267,0.648292095059092,0.865501048424974,0.386763840739101,0.561956184060822
"g556",0,NA,NA,NA,NA,NA
"g557",180.745354126805,0.64527506543406,0.663910646429493,0.971930588708503,0.331085081025433,0.509685684530247
"g558",28.546795146993,2.14616367822748,0.816631169427997,2.62806975605736,0.0085870904880223,0.0423520903145665
"g559",0,NA,NA,NA,NA,NA
"g560",0.475227745743999,2.29605134051971,2.58074822374486,0.889684363392864,0.373635392471387,0.54910788448224
"g561",0,NA,NA,NA,NA,NA
"g562",1123.27701890507,-2.29113320358237,0.65010593223534,-3.52424595743109,0.00042468983517563,0.00461564102301657
"g563",939.479644884683,1.13030540994609,0.649248710285643,1.74094363537326,0.0816934589814222,0.207239199913961
"g564",378.762816657623,2.16868774895491,0.65981355434884,3.28681903343917,0.00101325925895768,0.00901502723043228
"g565",535.495422813764,5.87965946991032,0.735244794531284,7.99687330484071,1.27618433779685e-15,4.63254914620258e-13
"g566",1253.16831484168,0.145671079413257,0.647778081566195,0.224878061729186,0.822074136414204,0.899759924814168
"g567",931.858295540322,1.07939346089989,0.64922650984232,1.66258377397751,0.0963957813310163,0.230511651008952
"g568",47.3325758824974,0.12755825824788,0.710424843729218,0.179552079820704,0.857504227907239,0.91605072021874
"g569",1456.09056227437,0.533367896027829,0.647504678280322,0.823728250804884,0.410093983520272,0.583156950765941
"g570",17.6673928096908,1.03780720750902,0.829905295911466,1.25051281468113,0.211112277105194,0.384432230442404
"g571",2124.54618749566,-3.31575317170216,0.649570532613169,-5.10453138685826,3.31615234130755e-07,1.39972476731935e-05
"g572",138.328427290952,-0.84705574212328,0.669777773264332,-1.26468177347083,0.20598542623116,0.378508325090753
"g573",0,NA,NA,NA,NA,NA
"g574",0,NA,NA,NA,NA,NA
"g575",0,NA,NA,NA,NA,NA
"g576",0,NA,NA,NA,NA,NA
"g577",6852.430475815,-0.238920107349063,0.645664960686745,-0.370037282331291,0.711354711650782,0.822362294042146
"g578",1843.29279070889,-0.487182210411118,0.646977524811381,-0.753012572659537,0.451442358911722,0.620263347028597
"g579",3603.35151816683,-0.0473285777470697,0.646087797220864,-0.073254096348287,0.941603919316896,0.964997805511104
"g580",1684.92887763372,-1.09788190122967,0.647356435181127,-1.69594653202526,0.0898960062903768,0.219496269765882
"g581",20.348546427269,0.350882763671205,0.790841378164081,0.443682858989714,0.657271889953741,0.78365446617502
"g582",1.00129130629771,-0.14661721242211,2.13985036444875,-0.068517507045349,0.945373684218387,0.966677879919083
"g583",0,NA,NA,NA,NA,NA
"g584",26.526507121941,0.975373267667261,0.771336278330756,1.26452404102924,0.206041997349677,0.378508325090753
"g585",298.411636379414,1.14066506488131,0.657913723518034,1.73376086271902,0.0829605225082636,0.209129650489581
"g586",15.3089594934274,3.76026814487108,1.23544611536087,3.04365208495776,0.00233725269194922,0.0165062787388631
"g587",968.783878440676,0.203352329391946,0.64854654849501,0.313550862099007,0.753862184956654,0.856232706943884
"g588",62.3873563018762,0.97439827333521,0.70159192369113,1.38883906788554,0.164881692371956,0.323524618005514
"g589",9.63935694685248,-0.924223406362237,0.941837504146662,-0.981298156309475,0.326445731674817,0.505462100595809
"g590",85.4987421413261,-0.752952309314706,0.683918168677021,-1.10093918219957,0.270923127481821,0.449474841297536
"g591",1530.57576656491,-0.780649860289213,0.647426893449328,-1.20577298871554,0.227905033181237,0.40159964584849
"g592",825.671657194005,5.58639596026265,0.694650165608751,8.04202782470664,8.83638198213832e-16,4.00950832439526e-13
"g593",50.2324977492109,-1.61610100617095,0.724730087130716,-2.22993502666525,0.0257517566291384,0.09182600841235
"g594",49.4214051348157,1.23585232221776,0.720499595274032,1.71527136215493,0.0862954865157637,0.212807483731129
"g595",38.4934474052639,8.6358768703279,2.14583948440602,4.02447477226768,5.71026147205715e-05,0.000901228223633368
"g596",7135.96371938111,0.109991708664877,0.645646530680787,0.17035901757096,0.864727800201019,0.921056899862001
"g597",47.4850833269265,-0.055468717503389,0.709927654072318,-0.0781329156361312,0.937722324326339,0.962650463038635
"g598",514.738575963943,-0.899522822614059,0.651956342138164,-1.3797286175083,0.167670218216779,0.327227361358552
"g599",1133.94610816499,0.15479949686647,0.648050722157969,0.238869414960293,0.81120684243128,0.89262995130556
"g600",31.5660940557826,-0.192420249817592,0.740578708342545,-0.259824172164278,0.794999404440113,0.880905933491334
"g601",0,NA,NA,NA,NA,NA
"g602",52.9336372018059,0.540225199778581,0.706097870780954,0.765085439474678,0.444220669622169,0.614059798449533
"g603",4851.08980338121,1.41579010928717,0.64605076584441,2.19145334103378,0.0284190026936469,0.0969558080619721
"g604",76.6133386944032,6.16625717929678,1.21245067571199,5.08577982001269,3.66118599612931e-07,1.46282569598272e-05
"g605",0.475227745743999,2.29605134051971,2.58074822374486,0.889684363392864,0.373635392471387,0.54910788448224
"g606",108.563853011087,-0.10672372506539,0.674275079521392,-0.158279207265296,0.874236791802293,0.925212698029832
"g607",4.75227745743999,5.61796783599995,2.18793623121106,2.56770181683509,0.010237517681224,0.0482625833543417
"g608",589.323042911078,0.0882475853484253,0.650664025064405,0.135626962532146,0.89211618938113,0.936489811293668
"g609",1274.07269887325,-1.00643772340625,0.647994235439734,-1.55315845166936,0.120385284619406,0.269684727268811
"g610",900.131238868356,-1.4950578572734,0.649705793881672,-2.3011305599434,0.0213842524317611,0.0800256044611266
"g611",319.371955038935,-0.876258072845937,0.656011884728076,-1.33573505792377,0.181635886211324,0.347752250499528
"g612",96.0754100123303,0.78729386143193,0.680881182961408,1.15628670777432,0.247563903468632,0.423096501690741
"g613",376.171932556863,0.746883763550224,0.654419623083683,1.14129182134063,0.253748504475421,0.428820796669357
"g614",416.315596780126,-2.03323339029241,0.656998410256883,-3.09473106563139,0.00196991425886899,0.0148939509351659
"g615",423.388616306356,-2.60187688750726,0.660154708131968,-3.94131383970549,8.10365150292538e-05,0.00118613931272658
"g616",102.586955153093,-1.31136059980095,0.681775345583716,-1.92344972327828,0.054423594839307,0.159064129844351
"g617",2.10425424221483,-4.5892881797993,2.258163564981,-2.03230990481326,0.0421222923781135,0.12956560543054
"g618",435.657086569466,0.770921249784658,0.653204555692751,1.18021413516791,0.237915058495224,0.410861875517442
"g619",128.974099397941,-2.14661535985956,0.684329954524095,-3.13681338317623,0.0017079480032441,0.0133617483874485
"g620",7.43343107501823,0.438345480988939,0.997210898750251,0.439571490382118,0.660247493131666,0.784259947666213
"g621",0,NA,NA,NA,NA,NA
"g622",2400.89536111476,0.981967976119733,0.646723084777346,1.51837470972264,0.128919963464871,0.281482257053423
"g623",101.902080848455,5.56762370644601,0.972894423547515,5.72274192521785,1.04818428037749e-08,6.13694989962951e-07
"g624",27.1896531370273,4.63473607421815,1.22261629010894,3.79083455022929,0.000150141947679931,0.00193267826268847
"g625",13.306376880832,7.10338850065881,2.15714277524362,3.29296168161914,0.000991379848412056,0.00889064774346335
"g626",2.37613872871999,4.61797165985415,2.2349940207416,2.06621208692175,0.0388084580655006,0.124667878564396
"g627",1.900910982976,4.29604472599437,2.25815520226483,1.90245768833144,0.057111345376143,0.161208540991757
"g628",31.2279487645713,1.43834497829704,0.767932534905589,1.87300955867675,0.0610670650547815,0.167930127544769
"g629",614.023483576966,-0.496268415550614,0.650541233446275,-0.762854666293182,0.445550074901344,0.614960749768775
"g630",74.2480641104594,-0.263655857273068,0.687472973096399,-0.383514505429289,0.701338317165188,0.812804084249311
"g631",231.324580889443,-1.50222680732292,0.662620757738095,-2.26709892465622,0.023384183262284,0.0863899384162034
"g632",0,NA,NA,NA,NA,NA
"g633",0,NA,NA,NA,NA,NA
"g634",0,NA,NA,NA,NA,NA
"g635",0,NA,NA,NA,NA,NA
"g636",0,NA,NA,NA,NA,NA
"g637",0,NA,NA,NA,NA,NA
"g638",0,NA,NA,NA,NA,NA
"g639",0,NA,NA,NA,NA,NA
"g640",7.26321821813249,-2.73157470288777,1.27687036405622,-2.13927331997151,0.0324135391505341,0.107355061237627
"g641",52.6063560553707,-9.23312527368121,2.14471048847497,-4.30506836391077,1.66934176194551e-05,0.000329332097601207
"g642",1.05212712110741,-3.58929158146617,2.37057675858604,-1.51410055315275,0.130000338405299,0.281482257053423
"g643",3.68244492387595,-5.39664024837275,2.20823526304207,-2.44387015219489,0.0145306552369949,0.061337266787012
"g644",2177.73092828,-0.315126858169486,0.646683504273261,-0.487296886478686,0.626047953837631,0.762602037728389
"g645",0,NA,NA,NA,NA,NA
"g646",54.662054905336,-1.37543455536239,0.71348969970153,-1.92775670894446,0.053885394739114,0.157999986189809
"g647",111.751084354202,-1.29755772939019,0.678723473045762,-1.91176197806658,0.0559067306853845,0.161208540991757
"g648",1786.51789783912,-0.2812567547863,0.647006238487736,-0.434704857628094,0.66377667200174,0.786907027879268
"g649",576.874033614331,-0.508865933252561,0.650891481562183,-0.781798422113697,0.434333048511222,0.605929656454933
"g650",6.85653169965482,1.17531020813173,1.06992970040329,1.0984929268612,0.271989304554342,0.450009651564386
"g651",492.679855213625,0.66642056677851,0.652146901256952,1.02188719365843,0.306834294327713,0.487716414332184
"g652",2398.80076653081,1.4804973506774,0.64696492864827,2.28837342662556,0.0221157837905423,0.0820861913698041
"g653",113.745083244581,1.73308832935931,0.684990825026043,2.53008984360253,0.0114033322810529,0.0516135862596283
"g654",0,NA,NA,NA,NA,NA
"g655",0,NA,NA,NA,NA,NA
"g656",1181.7481464616,1.09292045540261,0.648386952335436,1.68559908780706,0.0918730450432197,0.220860366560853
"g657",86.8958558213253,1.8433287773712,0.699030793625937,2.63697793313179,0.00836482728798348,0.0419742996120808
"g658",1938.58326869104,0.824348131857842,0.647021387714971,1.27406627896664,0.202639927904434,0.375297417496477
"g659",1319.69443391421,1.13468012647228,0.648086142194121,1.75081683220501,0.0799774662497889,0.204737801471603
"g660",331.63988733402,0.869467009999557,0.655912985002259,1.32558285912965,0.184977906954281,0.353033544818107
"g661",1626.58424925404,0.522618012707406,0.647259550831965,0.807431905849286,0.419417691085543,0.592407088965184
"g662",688.734835352343,-2.52124997702897,0.654080137523497,-3.85464996166222,0.000115895327498317,0.00156528843123347
"g663",0,NA,NA,NA,NA,NA
"g664",536.194108204225,-2.00525929072796,0.654274077580449,-3.06486128587509,0.00217770974262333,0.0156846951700847
"g665",842.446400145159,0.0313822820606477,0.649017953380776,0.0483534883698909,0.961434526817947,0.976163198849957
"g666",80.9697937781417,0.299447676047385,0.68452922866799,0.437450533164338,0.661784643122953,0.785488349845132
"g667",0,NA,NA,NA,NA,NA
"g668",345.808192644057,0.538838343183334,0.654880759276163,0.822803747935593,0.410619605002133,0.583156950765941
"g669",2380.41603553261,0.781845311144578,0.646669458527109,1.20903392117103,0.226649813650131,0.400164797446486
"g670",1621.88280761141,0.5135960311477,0.647262919989563,0.79348903712263,0.427492954012731,0.600077116421583
"g671",164.910331072823,0.478171810048296,0.665180758172795,0.718859955242543,0.472227211999086,0.639144213108383
"g672",0,NA,NA,NA,NA,NA
"g673",0,NA,NA,NA,NA,NA
"g674",0,NA,NA,NA,NA,NA
"g675",0,NA,NA,NA,NA,NA
"g676",2855.68682843815,-0.316780082898287,0.646329952332419,-0.490121309951858,0.62404805946298,0.760676445886708
"g677",236.10140502702,-0.0977066868523684,0.65872386084672,-0.148327231879496,0.882084525127694,0.929723236415078
"g678",1993.36267731681,-2.1438160825758,0.647793212929363,-3.30941423866009,0.000934914028915811,0.00865749470654182
"g679",4303.85463993884,-0.918878829435017,0.646008256272538,-1.42239486959027,0.154911651671577,0.318036841435388
"g680",248.196306074635,-0.951653182496599,0.65928667705623,-1.44345884061515,0.14889125903435,0.308843011596967
"g681",103.506560664788,-0.0769075049588068,0.675660023120627,-0.11382574420135,0.90937593030028,0.947484106483931
"g682",572.232011508726,-1.14469065925733,0.651615324531273,-1.75669695933063,0.0789694761029587,0.202729277407171
"g683",2.85136647446399,4.8810050904053,2.2194189561099,2.19922654844784,0.0278618174939238,0.0961391611244708
"g684",2326.14590867435,0.0207509826609849,0.646580204909967,0.0320934394579469,0.974397535271097,0.984115459431598
"g685",23.3369953562657,5.43833079807744,1.59404001035933,3.41166517950295,0.000645673684083432,0.00640381276836846
"g686",1738.76374841628,0.130369452293666,0.647055587848962,0.201481070161312,0.840322429752359,0.908954408314851
"g687",1519.27197229667,-0.81422448558732,0.647456373017985,-1.25757428534062,0.208545757959229,0.381322897121395
"g688",105.445162895238,1.4029398978071,0.683406248477886,2.05286372627085,0.0400857959046885,0.126973332577678
"g689",0,NA,NA,NA,NA,NA
"g690",0,NA,NA,NA,NA,NA
"g691",0,NA,NA,NA,NA,NA
"g692",2001.60184509216,0.236272258210447,0.646821798529365,0.365281842305939,0.714901031085846,0.823838331060832
"g693",118.568182351848,3.91639088274345,0.757520190525367,5.17001517811334,2.34074982477393e-07,1.06211523299117e-05
"g694",27218.6026768338,2.10166080545273,0.645392170571989,3.25640889567982,0.00112831133286656,0.00979849315384119
"g695",20729.057623699,-0.14201597968812,0.645348295801157,-0.220060981972249,0.825823661803755,0.902933702514346
"g696",239.091596410552,-2.96836084498383,0.67672240164791,-4.38637887227536,1.15253298625727e-05,0.000253651891796797
"g697",28.1532531958517,-3.43939536585656,0.935426267067835,-3.67682145236055,0.00023615821182989,0.00283859042696193
"g698",0,NA,NA,NA,NA,NA
"g699",11.5911037446382,-0.525127871634406,0.885728311716864,-0.592876917998157,0.553263526387133,0.699772334768395
"g700",1481.28808752601,-2.00115811156101,0.648489057872623,-3.085877991721,0.00202952081325988,0.0149739035612466
"g701",0,NA,NA,NA,NA,NA
"g702",4506.18015447778,1.13893819506137,0.646042276486682,1.76294684808425,0.07790945463782,0.201432564341372
"g703",478.919978876602,-0.361981126883814,0.651964862186856,-0.555215699308759,0.578747131907179,0.724931707668412
"g704",12.9990815694136,-3.02108215792342,1.09757318268463,-2.75251090823298,0.00591401761618893,0.0322340599801288
"g705",38.4734615702471,-0.0341419077960338,0.724265559575842,-0.0471400404791147,0.962401615106093,0.976258841002184
"g706",994.774662343798,-0.793030917635764,0.648634310844948,-1.2226163562065,0.221474632435417,0.394781935601311
"g707",16.8694447626319,0.36795625940462,0.817930587400444,0.449862451744301,0.652809623354678,0.782078855702139
"g708",1102.83981686505,0.218433321521701,0.648142790700006,0.337014196032002,0.736106198599597,0.841860586300107
"g709",56.2756564119104,-0.353067303639888,0.700706101195493,-0.503873596986683,0.614350205507604,0.752392458162147
"g710",701.062725152479,-0.741994795424709,0.650030457787416,-1.14147696701832,0.253671491613771,0.428820796669357
"g711",5.15896397591766,-2.14661292641203,1.31038985831109,-1.63814830586275,0.101390760213786,0.239614882536487
"g712",429.352369597013,-1.58382427888467,0.654892257577768,-2.41845015047623,0.01558678107533,0.0650735051411106
"g713",1388.05935459257,-0.198704271286533,0.647518282038347,-0.30687051902384,0.758941929508995,0.859133162085141
"g714",170.986620137876,0.603707247364063,0.664830450111228,0.908061968676467,0.363845482310394,0.541849028873336
"g715",96.4158357261017,1.22177022169813,0.684670627941454,1.78446419612235,0.0743482676895963,0.194721653472752
"g716",7625.88596254616,-0.0612865704499932,0.645615670278813,-0.0949273279310681,0.924372549979694,0.955571739813408
"g717",2.10425424221483,-4.5892881797993,2.258163564981,-2.03230990481326,0.0421222923781135,0.12956560543054
"g718",778.495073665007,1.60564035074632,0.650882635565114,2.4668661645156,0.013630129132496,0.0589016294654291
"g719",313.043767322394,-0.63523457644842,0.65581270308885,-0.96862194565078,0.332733849707942,0.511356424402977
"g720",0,NA,NA,NA,NA,NA
"g721",0,NA,NA,NA,NA,NA
"g722",0,NA,NA,NA,NA,NA
"g723",0,NA,NA,NA,NA,NA
"g724",0,NA,NA,NA,NA,NA
"g725",511.527335908716,0.0901445246745767,0.651492600234438,0.13836615280379,0.88995104582354,0.935298869814549
"g726",849.585680476095,-0.21301711742466,0.648989786598582,-0.328228766959651,0.742738698712951,0.846778101861812
"g727",628.159734420699,1.65356390906907,0.65236145502057,2.53473576089337,0.0112532174823439,0.0512262246716577
"g728",10.455010406368,6.75546667933038,2.16183664503996,3.12487379415549,0.00177881360192203,0.0137972080661901
"g729",92.1896218292155,1.09042207653807,0.684987969630142,1.59188500365465,0.111410545711043,0.2569915368085
"g730",7.80698719114282,1.43834436275194,1.05359392723952,1.36517905576819,0.172196779472552,0.333195260919703
"g731",41.0352381457493,-0.836276064018041,0.724597454524867,-1.15412503700611,0.248448910078858,0.42420956894932
"g732",0,NA,NA,NA,NA,NA
"g733",1292.80482540336,-1.74229255207791,0.648612608367932,-2.68618360112047,0.00722733624622739,0.0378029258988551
"g734",1305.90304107891,2.97558184691677,0.651583094793768,4.56669589909875,4.95471992432848e-06,0.000126659389614876
"g735",0,NA,NA,NA,NA,NA
"g736",0.950455491487998,3.29604811023646,2.37056909796141,1.39040372755678,0.164406315195475,0.322940976276827
"g737",3092.31135008468,0.279787977382777,0.646251226530556,0.432939955696236,0.665058391747936,0.787911867508162
"g738",52.5623615082415,2.50108014126381,0.7597190946014,3.29211172792234,0.000994380987285433,0.00889064774346335
"g739",1386.542197352,1.03106205301789,0.64787286703318,1.59145737610445,0.111506680636442,0.2569915368085
"g740",19.6522700098295,-0.518585128165202,0.795810308336128,-0.651644145260515,0.514630762430009,0.670053682790865
"g741",160.902885425072,-0.0390365188404222,0.664954732630196,-0.0587055282485398,0.95318665602901,0.971383369282793
"g742",251.43665365512,-1.12912832532914,0.65966456386358,-1.71167042643,0.0869574215759923,0.214076254449875
"g743",270.342349400725,1.43140938202999,0.660501744810849,2.16715458100707,0.0302230692697791,0.101395324814508
"g744",1678.15618360076,0.431958137618671,0.647172579845129,0.667454325277564,0.504481975303161,0.664934951991296
"g745",382.581268099982,-1.65522700754435,0.656332720985809,-2.52193278594765,0.0116712006729908,0.0526830192501482
"g746",236.109988749236,-1.55735291615316,0.662574650338409,-2.35045653400374,0.0187503974680018,0.0735031779793158
"g747",0,NA,NA,NA,NA,NA
"g748",3580.0442968543,-0.466443782711168,0.646110357157424,-0.721925871554354,0.470340054046338,0.637065073204554
"g749",0,NA,NA,NA,NA,NA
"g750",3.15638136332224,-5.17424862999822,2.21942751375186,-2.33134382535042,0.0197352370553321,0.0763673642594231
"g751",390.310592373618,-3.35766942420114,0.669226529613638,-5.01723897009822,5.24193502032014e-07,1.98210667955855e-05
"g752",217.865696564182,-1.80510698434801,0.665689696774732,-2.71163425405825,0.00669524221982637,0.0355317679210084
"g753",6.33046813910111,1.59034694173158,1.1481268995084,1.38516651984422,0.166001555534737,0.324668990620201
"g754",1.57819068166112,-4.1742520876459,2.29624622305941,-1.81785909791691,0.0690856712339172,0.183587837905651
"g755",14.1882911450536,1.24569984089727,0.880656724186372,1.41451238227716,0.157211514372286,0.319611109732532
"g756",28.5622201368895,-0.197242633493565,0.749919346423763,-0.263018462497575,0.792536348960899,0.879250289342317
"g757",1045.60981063502,-1.96357723102201,0.649788100383679,-3.021873176598,0.0025121577564015,0.0175367935687259
"g758",0,NA,NA,NA,NA,NA
"g759",332.616093992156,-2.40748162838667,0.662523010984413,-3.63380831830959,0.000279268368754163,0.00329137720317406
"g760",0,NA,NA,NA,NA,NA
"g761",0,NA,NA,NA,NA,NA
"g762",0,NA,NA,NA,NA,NA
"g763",1.05212712110741,-3.58929158146617,2.37057675858604,-1.51410055315275,0.130000338405299,0.281482257053423
"g764",812.861826930906,-1.95867314098286,0.651086526757612,-3.00831465632837,0.00262700987637324,0.0181293647361879
"g765",14.0003728757113,-2.67017589240223,1.01346311786048,-2.63470455445803,0.00842105461043284,0.0419895992250978
"g766",304.246890937754,0.735688294391306,0.656557937404541,1.12052303761581,0.262490941009461,0.441539442013134
"g767",4254.77809281245,-0.271227336503196,0.645954310996703,-0.419886254934493,0.674568549334414,0.795027218858417
"g768",1015.01630977784,0.966990101641687,0.648794085886399,1.49044222608867,0.136107996698391,0.290630604714799
"g769",0,NA,NA,NA,NA,NA
"g770",102.593796420774,1.34814744988259,0.683772278763998,1.97163221112082,0.0486516073057796,0.14547391640855
"g771",1840.151705785,0.88998316483024,0.647146531121311,1.37524211601377,0.169056395292834,0.328871765762587
"g772",2891.6080445407,0.948606523143364,0.646453506761801,1.46740100134208,0.142267002263308,0.300249545474308
"g773",1517.70854008642,0.40777475059715,0.647375365656967,0.629889199109907,0.52876708001151,0.682120318732312
"g774",0,NA,NA,NA,NA,NA
"g775",19.8910240939816,1.89777610005042,0.859950751433248,2.20684277196975,0.0273250457057628,0.095928351945763
"g776",0,NA,NA,NA,NA,NA
"g777",0,NA,NA,NA,NA,NA
"g778",3.90349359557141,1.43834319485507,1.3430723558895,1.07093500104279,0.284198656680804,0.459323741652412
"g779",843.716091028891,1.5183594231565,0.65028477433422,2.33491461446416,0.0195478817354466,0.076166657417807
"g780",4945.99342836326,0.144945752898889,0.645848564619927,0.224426840654492,0.822425187474769,0.899759924814168
"g781",1903.88252156148,0.594345896084377,0.646977889187455,0.918649471670231,0.358278946741396,0.536531591036001
"g782",1049.31224139391,-1.80988995553531,0.649509148404625,-2.78655036650507,0.00532723387911348,0.0298423749709598
"g783",144.661175852614,-0.136632290015799,0.667144315091439,-0.204801700209455,0.83772705859533,0.907746036627179
"g784",0,NA,NA,NA,NA,NA
"g785",0,NA,NA,NA,NA,NA
"g786",46.3004345964067,4.39253805736657,0.979281807613146,4.48546886424116,7.27537705891106e-06,0.000169892652899102
"g787",739.448735596493,0.920092813335598,0.650077359354413,1.4153589570468,0.156963276927121,0.319611109732532
"g788",58.9368241944719,-3.51118667484746,0.802880468350678,-4.37323712963194,1.22417627728588e-05,0.000264509517056413
"g789",0,NA,NA,NA,NA,NA
"g790",5.85524039335711,1.43834401539312,1.15815441462092,1.24192767150476,0.214263249400503,0.38927707473665
"g791",74.3651607299753,-1.17636329531845,0.69345047329995,-1.69639122130878,0.0898118151215276,0.219496269765882
"g792",151.396050087632,-0.80433487056441,0.667525094678887,-1.20495076061723,0.22822231102987,0.401768665877026
"g793",492.66563471024,-1.95979134396755,0.654893047171056,-2.99253649497925,0.00276669585690437,0.0184075969786688
"g794",94.2915956488701,0.0521633026297813,0.678625687162094,0.0768660892397398,0.938730074572192,0.963140240445748
"g795",1.900910982976,4.29604472599437,2.25815520226483,1.90245768833144,0.057111345376143,0.161208540991757
"g796",2375.36906936307,0.39829696044904,0.64658656497337,0.615999437701654,0.537894890910054,0.688005093024488
"g797",5253.74048273671,0.451737745372109,0.645827173628713,0.699471567345064,0.484257375824242,0.648211647800191
"g798",16.157743355296,7.38349521326303,2.15410011510165,3.42764719313643,0.00060883614306928,0.00613909777594857
"g799",17.8353252440163,-5.19099749033872,1.60021382294195,-3.24393991347682,0.00117888612061663,0.0100877505061453
"g800",807.20349794667,2.24698611043721,0.652343659987055,3.44448217751023,0.000572154354798504,0.00586700651954398
"g801",979.45993751874,0.248362908196647,0.648520759191598,0.382968323953484,0.701743250698992,0.812804084249311
"g802",1.900910982976,4.29604472599437,2.25815520226483,1.90245768833144,0.057111345376143,0.161208540991757
"g803",501.084932101659,-1.73947216880281,0.65397107688108,-2.65986100960107,0.0078172903606762,0.0399672732524713
"g804",0,NA,NA,NA,NA,NA
"g805",713.687046119257,0.981943107625454,0.650327141639731,1.50992176821897,0.131063387439823,0.283190533575332
"g806",294.921132601976,-0.348479712478983,0.656144776162976,-0.5311018621787,0.59534819387079,0.739412015752384
"g807",662.556671147904,0.265265098294948,0.65011318687648,0.408029099624075,0.683252311143409,0.801472933292897
"g808",0,NA,NA,NA,NA,NA
"g809",0.526063560553707,-2.58929567907527,2.58075382973868,-1.00330982724433,0.315711396044123,0.493979468810417
"g810",0,NA,NA,NA,NA,NA
"g811",0.526063560553707,-2.58929567907527,2.58075382973868,-1.00330982724433,0.315711396044123,0.493979468810417
"g812",0,NA,NA,NA,NA,NA
"g813",0,NA,NA,NA,NA,NA
"g814",0,NA,NA,NA,NA,NA
"g815",0,NA,NA,NA,NA,NA
"g816",0,NA,NA,NA,NA,NA
"g817",0,NA,NA,NA,NA,NA
"g818",0,NA,NA,NA,NA,NA
"g819",0,NA,NA,NA,NA,NA
"g820",0,NA,NA,NA,NA,NA
"g821",0,NA,NA,NA,NA,NA
"g822",0,NA,NA,NA,NA,NA
"g823",0,NA,NA,NA,NA,NA
"g824",0,NA,NA,NA,NA,NA
"g825",0,NA,NA,NA,NA,NA
"g826",44.4303735932237,0.0156547776925866,0.714222683784876,0.0219186229281144,0.982512869394933,0.987763233655071
"g827",1644.38201180105,-1.2046819052133,0.647468957590505,-1.86060179579329,0.062800431058204,0.171919732082414
"g828",26.4425409047782,2.8831284334701,0.897576525287859,3.21212548706693,0.00131756810701637,0.0109195712978754
"g829",3.80182196595199,5.29604100967454,2.19979505496391,2.40751564457054,0.0160614740316819,0.0650735051411106
"g830",0,NA,NA,NA,NA,NA
"g831",0,NA,NA,NA,NA,NA
"g832",78.2046739434007,0.894410223895902,0.689747511630005,1.29672120423057,0.194727130774804,0.36664308161935
"g833",575.070771383879,0.315774720588441,0.650883324468868,0.485147965414721,0.627571389764695,0.763594155853944
"g834",371.32428676946,-0.353907897169,0.653909366491779,-0.541218577534245,0.58835693413547,0.733241832686234
"g835",66.5781593738492,0.287279781974108,0.692689875316206,0.414730736237436,0.678339029186546,0.798434071318795
"g836",309.71086980253,0.630990976221672,0.65615514869059,0.961649051266099,0.336225923065796,0.514111247147784
"g837",2850.69620631412,0.79875378226769,0.646430239782376,1.23563802110587,0.216593145204051,0.389996585858484
"g838",1714.85213410721,0.14686988914847,0.647083109853886,0.226972218733438,0.820445344672402,0.899219988273195
"g839",564.856795484223,0.498665594778647,0.651107562928494,0.765872834491114,0.443751971203324,0.614048662225962
"g840",0,NA,NA,NA,NA,NA
"g841",1818.16165481241,-0.0783567135549651,0.64696551419908,-0.121114204444062,0.903600578480163,0.942548879276722
"g842",0,NA,NA,NA,NA,NA
"g843",2.00258261259541,-0.146616345112197,1.58038860682795,-0.0927723374357121,0.926084427739266,0.955571739813408
"g844",2581.15367596546,-0.476778479027713,0.64646646134839,-0.737514639248656,0.46080944405231,0.629784060139606
"g845",502.013659303595,-0.650973304047909,0.651849376348746,-0.99865602034362,0.317961352392368,0.495790253086037
"g846",828.189567772839,-0.0177494045733394,0.649079945468577,-0.0273454829366604,0.97818418028004,0.985113912045316
"g847",3.63160910906624,-2.73157130682319,1.68656826286056,-1.61960317111044,0.105317547979169,0.246646902686699
"g848",2453.96620932156,-0.0725245738222464,0.646506602302061,-0.112179169654267,0.910681345115187,0.948299851625969
"g849",151.692481254275,1.23447307055503,0.670646774845409,1.84072020750356,0.0656625710819486,0.178142849796318
"g850",5230.03531094457,1.92795048150032,0.646156456103955,2.98372083616564,0.00284766455939715,0.0185366909882027
"g851",66.5935843637457,-0.587188871926449,0.693416892812475,-0.846804971169409,0.39710383692206,0.571112095097891
"g852",873.902238849106,0.390059284251391,0.648971283724414,0.601042440603628,0.547811719133849,0.693843873152781
"g853",1.900910982976,4.29604472599437,2.25815520226483,1.90245768833144,0.057111345376143,0.161208540991757
"g854",39.6935211256801,-2.077352728512,0.76189195566653,-2.72657128489387,0.00639961275941745,0.0344667571464175
"g855",541.683709685187,1.23514455839672,0.65242222819761,1.89316749953315,0.0583355980037364,0.163686538365937
"g856",126.134135036278,1.58311669492152,0.679280431234447,2.33057898053171,0.0197755709101536,0.0763673642594231
"g857",904.522438258521,0.559719478696244,0.648924921974214,0.862533491537694,0.388394011303948,0.562597869526469
"g858",348.168368414856,-1.22980955906979,0.655944370694858,-1.87486868401207,0.0608107912302042,0.167531260341267
"g859",42.1204956692098,-1.77888382479763,0.744252635895861,-2.39016126917223,0.0168409760482168,0.0676247157688352
"g860",380.231418505935,-3.07261411743746,0.666319693298056,-4.61132118462395,4.0011775826509e-06,0.000106796136948697
"g861",3831.4692912957,0.719440928275769,0.646099542643191,1.11351406523604,0.265487710971002,0.444110779181907
"g862",1015.84913068179,0.35598439352894,0.648432859985915,0.548991908794802,0.583011002546987,0.728763753183734
"g863",9.16412920110848,-1.146615566153,0.967788230526359,-1.184779407298,0.236104676607334,0.408902660345716
"g864",3.05470973370283,-1.14661427411503,1.40616196232552,-0.815421199574163,0.414831253605128,0.587758567754338
"g865",0,NA,NA,NA,NA,NA
"g866",3.80182196595199,5.29604100967454,2.19979505496391,2.40751564457054,0.0160614740316819,0.0650735051411106
"g867",0,NA,NA,NA,NA,NA
"g868",35.7214863028424,-6.21269006344606,1.59018068964888,-3.90690825507248,9.34846287235011e-05,0.00131530698552833
"g869",0,NA,NA,NA,NA,NA
"g870",5.26063560553707,-5.91121147760877,2.18794493422336,-2.70171857853774,0.00689821220700199,0.0362905946542278
"g871",52.2682107641594,-2.45146974562739,0.750656173739044,-3.26576911159811,0.00109167220591965,0.00961837404730175
"g872",248.066064887783,-0.0884352090816675,0.658077044728591,-0.134384278847077,0.893098712532779,0.936979285113869
"g873",0,NA,NA,NA,NA,NA
"g874",0,NA,NA,NA,NA,NA
"g875",0,NA,NA,NA,NA,NA
"g876",0,NA,NA,NA,NA,NA
"g877",0,NA,NA,NA,NA,NA
"g878",0,NA,NA,NA,NA,NA
"g879",692.070551262792,-1.68209288958857,0.651432276244252,-2.58214545230466,0.00981881927378636,0.047021522379742
"g880",39.5101637014581,1.46219175239977,0.74462226185014,1.96366913442354,0.0495684742597899,0.147486525871342
"g881",4043.06340128978,0.341544336848111,0.64600701010129,0.528700666567936,0.597013114719586,0.739644234277166
"g882",3.52993747944683,-0.56165312487263,1.2768710869556,-0.439866741921269,0.660033624947804,0.784259947666213
"g883",114.063242700776,0.144162822897092,0.673052427603327,0.214192560615883,0.830396897234629,0.905207428517028
"g884",177.062909202929,0.72267952311579,0.664555093725801,1.08746367297272,0.27683194461344,0.45577351976841
"g885",1350.81735469055,0.060446967974197,0.647582905219352,0.093342439225943,0.925631517608303,0.955571739813408
"g886",263.949643334013,-0.278360422114175,0.657369196158535,-0.423446099605561,0.67196981653109,0.792673489191687
"g887",149.32264582521,-1.6987134414195,0.67378888765271,-2.52113603021465,0.011697662125515,0.0526830192501482
"g888",56.8194253849207,0.10713992091601,0.699907155768658,0.153077333233357,0.878337290650928,0.927389285940334
"g889",15248.3465013993,0.705972338430338,0.645419969255871,1.09381855545046,0.274034564353388,0.452849519713079
"g890",44.348687798621,4.76026864528632,1.06451127546623,4.47178790398575,7.75683401424529e-06,0.00017598317169819
"g891",0,NA,NA,NA,NA,NA
"g892",487.009714699026,-0.793085659642117,0.652203526486577,-1.21600946243648,0.223981317431923,0.397775040253366
"g893",2524.85119245085,-0.630558704975961,0.646517899663676,-0.975315154157345,0.329403955714334,0.507528166062408
"g894",2281.90411986895,-0.79966485860252,0.646696871921375,-1.2365373845503,0.216258878399631,0.389996585858484
"g895",0.950455491487998,3.29604811023646,2.37056909796141,1.39040372755678,0.164406315195475,0.322940976276827
"g896",400.26636632213,-1.42115387310699,0.655071960367915,-2.16946222565963,0.0300476092068935,0.100993353167614
"g897",0,NA,NA,NA,NA,NA
"g898",122.358602204999,-0.970459029265788,0.673581816958921,-1.44074410091294,0.149656990856428,0.309723418933201
"g899",429.10677424518,-2.74792533101515,0.661055449162197,-4.15687569703539,3.22629414467687e-05,0.000568516880833837
"g900",457.647266092517,-1.06796868655425,0.653069357161053,-1.63530668656205,0.101984772562813,0.240704664756934
"g901",274.974711848064,-1.15865496586655,0.658533719362049,-1.75944667949424,0.0785016692648022,0.202316563314148
"g902",4356.5621296558,-1.1168884054799,0.646034074591272,-1.72883822913912,0.083838051989793,0.210174122046235
"g903",1205.28566668652,0.458634976800744,0.647956822348829,0.707817189327837,0.479058790349521,0.644209976983038
"g904",8944.10787651925,-1.21699190140042,0.64561297372147,-1.88501772878786,0.0594274442867993,0.165430692301443
"g905",615.185866049908,-1.05807888431972,0.651048105831996,-1.62519309224863,0.10412142185739,0.244476559729836
"g906",59.3149411557167,0.59034866877112,0.700198157463972,0.843116569899709,0.399163252489178,0.572712492701864
"g907",5.00645653148853,-0.146616372969145,1.1175052220302,-0.131199720662408,0.895617316927567,0.938536622530908
"g908",0,NA,NA,NA,NA,NA
"g909",0,NA,NA,NA,NA,NA
"g910",0,NA,NA,NA,NA,NA
"g911",0,NA,NA,NA,NA,NA
"g912",0,NA,NA,NA,NA,NA
"g913",0.475227745743999,2.29605134051971,2.58074822374486,0.889684363392864,0.373635392471387,0.54910788448224
"g914",5963.427205343,1.65295593514178,0.645951223016976,2.55894853394888,0.0104989283331922,0.0488958987896956
"g915",129.834285372611,1.70276074576686,0.679792360633551,2.50482477352338,0.0122512071312721,0.0542340023006315
"g916",9.97978266062398,6.68835276702115,2.16287834385132,3.09233886687845,0.00198586012468878,0.0148939509351659
"g917",15.207287863808,7.2960327499455,2.1549880014119,3.38564889696151,0.000710101741673377,0.00689216396330043
"g918",767.855629898368,-0.0996184984592742,0.649383213018668,-0.153404794676161,0.878079064037144,0.927389285940334
"g919",94.9084666942671,3.3611760911383,0.746856497129924,4.50043094497388,6.7815833732571e-06,0.000161954918716601
"g920",2235.32106519172,-2.25226642087162,0.647623887623983,-3.47773833533965,0.000505663285698496,0.00533592362524866
"g921",1116.18670338394,1.08423749505791,0.64856634951769,1.67174491224253,0.0945746337668915,0.226455092726792
"g922",696.007713228741,-0.613052396687012,0.649976792144049,-0.943191209434977,0.345583108912578,0.522013615061486
"g923",100.045164412608,0.185004870890211,0.676936565261336,0.273297204471129,0.784624764076798,0.874750581572107
"g924",283.312323444881,-0.439746898749823,0.656669009917342,-0.669662938418818,0.503072682538095,0.664843488128452
"g925",15.121041224085,-0.533639425843601,0.835949452097733,-0.638363270057162,0.523237234701545,0.677635127835875
"g926",4.10683685481024,-1.73157595346633,1.34307297605174,-1.28926423533343,0.197306240147151,0.368806205836334
"g927",3.32659422020799,5.10339667790114,2.20822665240791,2.31108372518566,0.0208282307501817,0.078429956040622
"g928",175.296800251925,0.48263511704839,0.664024086589495,0.726833750153943,0.46732780525522,0.634880214474718
"g929",783.439420819347,-3.18805528682875,0.656196170918103,-4.85838751903756,1.18345609406754e-06,3.83566573345103e-05
"g930",1254.22620729442,-0.708355076299305,0.647887223132148,-1.09333083136727,0.274248570703267,0.452849519713079
"g931",2302.49651919352,-0.396139169438351,0.6466105306323,-0.612639526688467,0.540114716502521,0.689872069283656
"g932",4.95562071667882,0.438345396784017,1.13291968097472,0.386916569766784,0.698817973828589,0.811943129149578
"g933",146.082298244725,-1.36420718511578,0.67147755948226,-2.03164970422488,0.0421891310244899,0.12956560543054
"g934",18.0232435133587,-0.146616582831079,0.804696264523639,-0.182201147557051,0.85542487244799,0.915445839323762
"g935",15.682515609552,7.34042667760295,2.15453065112941,3.40697249944208,0.000656877451072764,0.00647952485704928
"g936",0,NA,NA,NA,NA,NA
"g937",0,NA,NA,NA,NA,NA
"g938",1.4765190520417,0.853379096586876,1.88103427319158,0.453675463945128,0.650062429291175,0.779918616035457
"g939",0,NA,NA,NA,NA,NA
"g940",0,NA,NA,NA,NA,NA
"g941",11.0319097817314,3.24569566094377,1.24742183927784,2.60192306944279,0.00927026448042176,0.0448680800852413
"g942",228.964405118644,1.24729719789475,0.662229342075938,1.8834822298643,0.0596350458216266,0.165754376977416
"g943",206.075810405425,-0.802837144905113,0.661668694697774,-1.21335216754031,0.224995205685075,0.399185042344487
"g944",2685.16054902415,-0.108442586239616,0.646393740023577,-0.167765526682948,0.866767743780972,0.921067596582239
"g945",351.9421587916,1.40914553039223,0.656898512315399,2.14514952306004,0.0319408939403237,0.106177147438988
"g946",36.2012748937067,2.39395020508877,0.798754962898099,2.99710213555716,0.00272559379410113,0.0183901588709798
"g947",2260.98659127005,-0.098095689675036,0.646618744697851,-0.151705607793467,0.879419133991686,0.927991702438901
"g948",785.923405926881,0.404292087440953,0.649399601564578,0.622562881878747,0.533571809421439,0.685941268779055
"g949",0,NA,NA,NA,NA,NA
"g950",311.856838169314,-0.507410464539017,0.655693995655111,-0.773852540821359,0.439017997776409,0.61051622978717
"g951",693.637339831652,-2.73157723157306,0.654970810024452,-4.17053277759216,3.03888340299455e-05,0.000540742487885794
"g952",74.9597655177953,-0.821520766649632,0.689681586584166,-1.1911594895819,0.233590979465882,0.405928912748532
"g953",1104.76983537329,0.64252767636138,0.64829041991273,0.99111086115984,0.321631450091442,0.499367905830596
"g954",28.6484667766124,1.82300853874016,0.796244096234259,2.28950964580065,0.0220497581134127,0.0820088339668934
"g955",2012.20641600191,1.19824144944175,0.647125865657246,1.8516358455627,0.0640781320898322,0.175153327926273
"g956",221.590931548676,5.09178505675421,0.770918144010291,6.60483229810484,3.97967587979131e-11,6.1686222664873e-09
"g957",2599.0218745109,1.5867202141595,0.646890504431449,2.45284202394355,0.0141732567990136,0.0605828353796001
"g958",4381.44259515348,1.00955666561715,0.646037362824116,1.56269083448042,0.118125331266265,0.266663527671979
"g959",223.217677622587,3.11162670817179,0.684485908560503,4.54593245712778,5.46925746918358e-06,0.000137870865369003
"g960",4.73457204498337,-5.75920896763348,2.19322341515283,-2.62591076123094,0.00864174703021333,0.0425061540916997
"g961",90.4720682704615,-0.371489758455853,0.68029951626367,-0.546067944449149,0.585019233548424,0.730770756290701
"g962",10.6583536656068,2.02330633110759,1.02578966720508,1.97243781624395,0.0485596484388337,0.145438551017299
"g963",7891.84113543382,-0.296138770840268,0.645603848145558,-0.458700442525089,0.646449296225754,0.778622625867498
"g964",0,NA,NA,NA,NA,NA
"g965",15.9875304984102,2.02330671425823,0.916653942983622,2.20727432609143,0.0272948998371062,0.095928351945763
"g966",1182.54837493122,1.18704084177304,0.648468366319492,1.83053006657875,0.0671707150797366,0.180762423159434
"g967",167.235633986734,0.531455208854101,0.665049196578816,0.799121646320366,0.424219879224691,0.596194274413345
"g968",153.487159762511,0.116417908725948,0.665979986319285,0.174806917801483,0.861231352418893,0.918410637273967
"g969",34.0416239915618,-4.51584523998241,1.06940604634866,-4.22276015307857,2.41328592764509e-05,0.000451558140069675
"g970",19.2964193061616,0.53145489287411,0.80109580943445,0.663409902554979,0.507068065464664,0.664934951991296
"g971",6399.67554034168,1.31251499271579,0.645822102442547,2.03231662055504,0.0421216129376458,0.12956560543054
"g972",0.475227745743999,2.29605134051971,2.58074822374486,0.889684363392864,0.373635392471387,0.54910788448224
"g973",0,NA,NA,NA,NA,NA
"g974",0.950455491487998,3.29604811023646,2.37056909796141,1.39040372755678,0.164406315195475,0.322940976276827
"g975",336.701202557414,-0.622407463219699,0.655055570458895,-0.950159789929998,0.342031066621802,0.51948651541303
"g976",1502.37047306773,0.0827435869103103,0.647343834931609,0.127820151278728,0.898291302458874,0.940795564894896
"g977",483.700825891274,-0.759299028766253,0.652212082722423,-1.16419037438993,0.244346870190779,0.418781463074848
"g978",36.1812890586899,-1.20801650864808,0.741706984580068,-1.62869776577878,0.10337701597507,0.24304311398284
"g979",1406.34938377928,-0.792867488328768,0.647628875099161,-1.22426210259289,0.220853368368532,0.394148341778648
"g980",128.361789197665,-2.94730608548896,0.702175259777449,-4.19739380510657,2.70004195734474e-05,0.000493543762220762
"g981",7.58593851944736,-0.731578399817394,0.997210943022304,-0.733624520405038,0.463177612294724,0.631605834947351
"g982",710.542195419198,-2.45221275024806,0.653533597716916,-3.7522367003238,0.000175263866407703,0.00216397222809511
"g983",1.57819068166112,-4.1742520876459,2.29624622305941,-1.81785909791691,0.0690856712339172,0.183587837905651
"g984",771.893259007426,3.11324935610293,0.656807478434711,4.73997245512848,2.13747274640658e-06,6.35985743398025e-05
"g985",479.889215716596,3.52309208307353,0.668599762626814,5.2693588601227,1.36901088151099e-07,6.53882828932222e-06
"g986",1091.61998881398,0.154596106493703,0.648161259163311,0.238514882381687,0.811481773914146,0.89262995130556
"g987",1176.47436628872,1.25607252134696,0.648552008729771,1.9367336843302,0.0527779059670042,0.155506330081352
"g988",2584.13300320421,-0.589459577508274,0.646480769178487,-0.91179754388878,0.361875303551185,0.540134601928784
"g989",0,NA,NA,NA,NA,NA
"g990",0,NA,NA,NA,NA,NA
"g991",137.258594757388,-1.05145868830428,0.671000364442351,-1.56700166501119,0.117114302431612,0.265703073641719
"g992",0,NA,NA,NA,NA,NA
"g993",0,NA,NA,NA,NA,NA
"g994",0,NA,NA,NA,NA,NA
"g995",1.900910982976,4.29604472599437,2.25815520226483,1.90245768833144,0.057111345376143,0.161208540991757
"g996",0,NA,NA,NA,NA,NA
"g997",0,NA,NA,NA,NA,NA
"g998",0,NA,NA,NA,NA,NA
"g999",0,NA,NA,NA,NA,NA
"g1000",79.54867138603,3.41032944998817,0.768102776863742,4.43993896742955,8.99843934261575e-06,0.000201631696380835
"g1001",724.414478980155,2.26613565455481,0.653226420064264,3.46914268154045,0.000522122084405191,0.00547775481615851
"g1002",4356.42263822825,-0.520846546499685,0.645950998325553,-0.806325166846763,0.420055383002649,0.592846438685699
"g1003",0,NA,NA,NA,NA,NA
"g1004",56.412738866443,0.523234501798288,0.702360951772482,0.744965249673762,0.456292727773356,0.625034944081994
"g1005",525.791009548716,0.662335225073619,0.651706552899915,1.01630898465944,0.309482271445277,0.491435102951161
"g1006",90.4257933007721,1.72127898536854,0.69466784134233,2.4778446372909,0.013217868677599,0.057488693724759
"g1007",0,NA,NA,NA,NA,NA
"g1008",44.1607695292786,1.87328182963459,0.748609739831527,2.50234765854926,0.0123372708440953,0.0543498703447404
"g1009",337.382591952982,1.72432671876127,0.658833270753063,2.61724292823027,0.0088643230157406,0.0433658929206717
"g1010",366.970650076306,2.83012947199422,0.665995251862946,4.24947394756596,2.14273127214438e-05,0.000413729495632132
"g1011",551.100275505809,2.73263020575225,0.658430449102679,4.15021846191398,3.32158098401185e-05,0.000579679758267452
"g1012",186.074530959608,0.67880974448998,0.66348616753807,1.02309554848561,0.306262671481215,0.487716414332184
"g1013",86978.8053135378,-1.79009316547429,0.645244366254543,-2.77428716792254,0.00553228198873858,0.0308008951213513
"g1014",191.980607167775,0.684102168987527,0.662947327561816,1.0319102899223,0.302114145082184,0.483116452267985
"g1015",104.98307971683,-0.0641543205481292,0.675241298372432,-0.0950094739506655,0.924307301839766,0.955571739813408
"g1016",2.63031780276854,-4.91121515892072,2.23500250237436,-2.19740924392849,0.0279912316840935,0.0962198589140715
"g1017",2598.14303573819,-0.207850249452595,0.646436446194909,-0.321532380601457,0.747806977721455,0.851486615159624
"g1018",295.760794773604,-1.61714808537136,0.659382999063052,-2.45251710715812,0.0141860633808981,0.0605828353796001
"g1019",167.164812336907,-0.129338359516388,0.66422947255465,-0.194719392710698,0.845612629312069,0.911109863829609
"g1020",11342.1075147272,0.966639603857796,0.645515601735782,1.49746900192422,0.134271265508113,0.28738484303918
"g1021",68.918887277656,-0.42123874400433,0.691082709020049,-0.60953448625801,0.542170221312261,0.690936342723369
"g1022",1063.92828082851,-0.256861122812277,0.648231710498701,-0.396248931751067,0.691921396890635,0.808105040552028
"g1023",480.562687908433,0.700458824785522,0.652364288933815,1.07372343438711,0.28294665497753,0.459323741652412
"g1024",4541.25645727892,-0.0640080007252662,0.645902943333824,-0.0990984812592574,0.921060077933193,0.955270880827854
"g1025",2.52864617314912,-0.731577483321636,1.46653927537911,-0.498846158165468,0.617887767082971,0.754249682278574
"g1026",1072.59719644886,-0.371519386052659,0.648227163918644,-0.57313146799767,0.566555682089826,0.713105799579081
"g1027",1378.10639903464,0.0458892782909311,0.647534623501275,0.0708676827855224,0.943503064085318,0.965751376113049
"g1028",77.9459340242318,-1.18926027692295,0.691453611641398,-1.71994224471522,0.0854429405108321,0.212369637785753
"g1029",13.4080485104514,3.55381754458385,1.23975841125168,2.86654037781108,0.00414985217667161,0.0243894922388399
"g1030",3.32659422020799,5.10339667790114,2.20822665240791,2.31108372518566,0.0208282307501817,0.078429956040622
"g1031",0,NA,NA,NA,NA,NA
"g1032",674.685240565896,0.907351936144218,0.650528860630647,1.39479120920876,0.16307881057701,0.322940976276827
"g1033",3988.15964535925,0.82117192931234,0.646081552861878,1.2710035221945,0.203727395590034,0.376542996940847
"g1034",7.68761014906678,-1.60604645843613,1.0610506106801,-1.51363793797423,0.130117693480894,0.281482257053423
"g1035",138.452365178149,0.568406284167153,0.669231468733395,0.849341835707359,0.395691108044861,0.569531610706917
"g1036",1814.09894105519,-1.81675929516362,0.647699259017874,-2.80494267959859,0.00503255285523331,0.0285440107257764
"g1037",150.343922966525,-0.78848092885718,0.667619223059575,-1.1810338912108,0.237589260052779,0.410690006662661
"g1038",45.838351417999,-0.497113615274386,0.713525454458996,-0.696700604257074,0.485990180571156,0.64953768610946
"g1039",9.99520765052044,-6.83720717667469,2.16529757690086,-3.15762934832293,0.00159057654335056,0.0125657253624597
"g1040",0,NA,NA,NA,NA,NA
"g1041",2041.21301390475,1.24379141073042,0.647123866610397,1.92202988470404,0.0546019975047717,0.159328979857171
"g1042",0,NA,NA,NA,NA,NA
"g1043",534.10461243342,1.90470614289751,0.654481392701368,2.91025255131524,0.00361136808121701,0.022386533312757
"g1044",843.690468412705,-0.494539054384912,0.649088907019892,-0.76189725172696,0.446121330401885,0.615281318145457
"g1045",273.927683540102,2.29783266877686,0.666536172877471,3.44742380425806,0.000565960023399333,0.00583646274130562
"g1046",1.900910982976,4.29604472599437,2.25815520226483,1.90245768833144,0.057111345376143,0.161208540991757
"g1047",18985.405953192,-1.12012746310229,0.645385863452537,-1.73559342795346,0.0826357488313757,0.20889120352221
"g1048",3659.53877606692,-0.799438464809496,0.646130925752635,-1.23727008404416,0.215986830300521,0.389996585858484
"g1049",74.6170593814637,-3.5950747821277,0.778208552745085,-4.61968037931,3.84331630226672e-06,0.000104113717740509
"g1050",1.9517467977857,1.43834002648107,1.78644834762752,0.805139442397675,0.42073921725673,0.592889502578388
"g1051",0.526063560553707,-2.58929567907527,2.58075382973868,-1.00330982724433,0.315711396044123,0.493979468810417
"g1052",134.62827695462,-1.0098796094798,0.671257980907397,-1.50445825331515,0.132463414692411,0.284859120458207
"g1053",0,NA,NA,NA,NA,NA
"g1054",8.07887167764798,6.38349946290139,2.16826266664654,2.94406188009231,0.0032393522465864,0.0204858197808319
"g1055",6985.59427858269,-2.46354561554117,0.646050394648382,-3.81324063253916,0.00013715645358052,0.00180390553078727
"g1056",5530.84653303061,-0.481495093380767,0.645787621175201,-0.745593562949603,0.455912972574241,0.624986438989613
"g1057",0,NA,NA,NA,NA,NA
"g1058",0,NA,NA,NA,NA,NA
"g1059",0,NA,NA,NA,NA,NA
"g1060",0,NA,NA,NA,NA,NA
"g1061",47.2817400676877,0.188986293104821,0.710704381774947,0.265914067720869,0.790305390565088,0.878385966855869
"g1062",494.657891146084,0.080728535207579,0.651704057176545,0.1238729977489,0.901415832928213,0.942548879276722
"g1063",1342.89099045733,0.036984047186847,0.647595340250833,0.057109810537738,0.954457721500888,0.971587641348353
"g1064",0.526063560553707,-2.58929567907527,2.58075382973868,-1.00330982724433,0.315711396044123,0.493979468810417
"g1065",2008.16932486087,0.550308837775426,0.646873980234872,0.850720317387964,0.394924734160116,0.568879676587787
"g1066",0,NA,NA,NA,NA,NA
"g1067",0,NA,NA,NA,NA,NA
"g1068",501.500740310378,-0.955691836907567,0.652211658086614,-1.46530934407286,0.142836538319721,0.300752107946976
"g1069",0,NA,NA,NA,NA,NA
"g1070",695.509014738909,0.891816617139313,0.650351721672237,1.37128354922503,0.170286581886129,0.329850742927773
"g1071",0.950455491487998,3.29604811023646,2.37056909796141,1.39040372755678,0.164406315195475,0.322940976276827
"g1072",139.314293607354,-0.407741062794877,0.66826343318662,-0.610150193091607,0.541762319810272,0.690936342723369
"g1073",1117.31662197302,-0.933418817484837,0.648338183257309,-1.43970977121116,0.149949527737055,0.309975390481498
"g1074",149.769304013722,-0.175567724780118,0.666423681432476,-0.263447607988263,0.7922056002765,0.879250289342317
"g1075",103.605951871848,-0.990214446082006,0.678729330007785,-1.45892390722329,0.144586052209513,0.302770927336799
"g1076",1795.82661728093,-1.22723363648,0.647289569974863,-1.8959576878825,0.0579656397550726,0.16336589465133
"g1077",10.0637488777868,-0.436122897884959,0.914740858169463,-0.476772075927283,0.633524432120521,0.768944354445506
"g1078",0,NA,NA,NA,NA,NA
"g1079",810.167528745991,-1.69165149569941,0.650544318658379,-2.60036318384598,0.00931251447440817,0.0449526961996033
"g1080",486.882291902758,1.23470668976317,0.653229936654733,1.89015631476758,0.0587370572907809,0.164518146578345
"g1081",135.483902084169,1.02142088691628,0.672054474672493,1.519848353683,0.128549093189342,0.281482257053423
"g1082",23.2838791188958,-0.784046118132284,0.778613627012935,-1.00697713336997,0.313945762963533,0.493979468810417
"g1083",4532.23853222258,0.0239097188141078,0.64590515618734,0.0370173834115871,0.970471145281225,0.982378766695719
"g1084",0,NA,NA,NA,NA,NA
"g1085",72.4865160045762,1.66696938308256,0.705186374974158,2.36387066205533,0.0180851251513149,0.0715130765787288
"g1086",4976.95592449144,-0.441132574817334,0.645851353204342,-0.683024929232846,0.494591090074197,0.657643097790966
"g1087",215.016610512278,-1.35760333226715,0.663130109398781,-2.04726540542399,0.0406320326333154,0.128255894312117
"g1088",17.1567542390335,-3.00459463670344,1.00418350729039,-2.99207725967419,0.00277086129401683,0.0184075969786688
"g1089",490.868675779443,-1.74771999715369,0.654179105254745,-2.67162308168358,0.00754853838736407,0.0391445633516165
"g1090",9.97978266062398,6.68835276702115,2.16287834385132,3.09233886687845,0.00198586012468878,0.0148939509351659
"g1091",93.1777685681769,4.06283414327195,0.797282979497081,5.09584958885583,3.47180702577775e-07,1.43212039813332e-05
"g1092",1266.11428017373,0.0560807021208903,0.647742157774227,0.0865787434827384,0.931006362686164,0.959010526830526
"g1093",0,NA,NA,NA,NA,NA
"g1094",0,NA,NA,NA,NA,NA
"g1095",0,NA,NA,NA,NA,NA
"g1096",0,NA,NA,NA,NA,NA
"g1097",14145.3204136547,-3.30670651090716,0.645848618570627,-5.11994051829895,3.05632040588055e-07,1.32076703254124e-05
"g1098",41.5967125312163,0.481414308483974,0.721218489864007,0.667501340092861,0.504451953974336,0.664934951991296
"g1099",81.5289877410485,-0.0935051740464185,0.683642540860726,-0.136774949564567,0.891208684881621,0.93607856658573
"g1100",3040.20502555611,-1.31951515176205,0.646463589615224,-2.041128337247,0.0412380724105409,0.129493255060782
"g1101",347.036835921706,-0.577567936324808,0.654710837865344,-0.882172560649741,0.377683498013498,0.551928783328904
"g1102",4134.38210155001,-0.306201409288553,0.645977897661849,-0.474012207533517,0.635491202021079,0.768944354445506
"g1103",161.57743355296,10.7054084835842,2.14127372993097,4.99955159115938,5.74637955856255e-07,2.08593577975821e-05
"g1104",212.680981421616,6.31935259499143,0.915015672612555,6.90627798423212,4.97534594893567e-12,9.03025289731824e-10
"g1105",670.527567896277,0.928615865404494,0.650587919612866,1.42734876779924,0.15347939021311,0.315833439043985
"g1106",3527.88608434106,0.933131291645602,0.646222525020397,1.44397828227382,0.148745084475135,0.308843011596967
"g1107",4.95562071667882,0.438345396784017,1.13291968097472,0.386916569766784,0.698817973828589,0.811943129149578
"g1108",0,NA,NA,NA,NA,NA
"g1109",6.58464721314965,-0.824687616384317,1.04533060270714,-0.78892516324365,0.43015574757431,0.601488969065773
"g1110",463.398554433695,-1.23320323388777,0.65329451859831,-1.88766811718197,0.0590705191508207,0.165030581208729
"g1111",2959.21619332854,-0.019896578955888,0.646282797568913,-0.0307861806483661,0.975440061442119,0.984115459431598
"g1112",12.8642795374411,0.53145486472224,0.868616692494515,0.611840492261315,0.540643296282155,0.690061591246211
"g1113",2105.32368909701,0.742757257944914,0.646849522075952,1.14826900630793,0.250857529766214,0.426716416612632
"g1114",12.4575930189634,3.43834048171569,1.24244599066964,2.76739633556428,0.0056506013021471,0.0312255258574085
"g1115",36.095042418967,-4.16898036255533,0.984192090083499,-4.23594174812118,2.27595779660507e-05,0.000430298270920647
"g1116",0,NA,NA,NA,NA,NA
"g1117",146.303346916421,-1.23038417562099,0.670500237996224,-1.83502421907853,0.0665021010274352,0.179615049649992
"g1118",3369.61162194758,-1.43848734273667,0.646380185703916,-2.22545086398362,0.0260509862082842,0.092710862682423
"g1119",823.071779953466,-1.29688964307158,0.649845764359678,-1.99568838361125,0.0459678522871405,0.1390527531686
"g1120",0,NA,NA,NA,NA,NA
"g1121",0,NA,NA,NA,NA,NA
"g1122",0,NA,NA,NA,NA,NA
"g1123",7.60364393190398,6.2960369847398,2.17002648654777,2.90136411871911,0.0037154187637869,0.0225793666616055
"g1124",2755.50793792962,0.153271724977265,0.646370148062647,0.237126862118653,0.812558373614358,0.893272833500945
"g1125",388.352542276177,-1.48588546299177,0.655576214191976,-2.26653351788119,0.0234187373632556,0.0863899384162034
"g1126",1286.15432680306,0.994574611937863,0.64805552699694,1.53470585544834,0.12485609688995,0.278068551861783
"g1127",121.837099489565,0.472638945239524,0.672086033487868,0.703241730506897,0.481905117039621,0.647415090619476
"g1128",1374.90830354675,0.303142854565451,0.647576088622288,0.468119283419473,0.639699289995491,0.77249115857739
"g1129",415.374262978878,-0.980366357825777,0.653700933455401,-1.49971693117165,0.133687742894023,0.286473734772907
"g1130",340.675517802812,-0.269925750271337,0.6546427501637,-0.412325272377704,0.680101027376677,0.799689221042912
"g1131",1165.74652401026,-2.7315770964623,0.651028443053091,-4.19578764278283,2.71924937862679e-05,0.000493543762220762
"g1132",2944.05733230652,0.814102424180913,0.646394797057044,1.25945076892237,0.207867561701534,0.38070597829292
"g1133",688.088190263203,-0.287735718230205,0.649892644155308,-0.442743460505215,0.657951303113793,0.78365446617502
"g1134",574.677767400762,1.32916873002486,0.652205535976727,2.03795990175755,0.0415539431475935,0.12956560543054
"g1135",710.378823829992,-1.89355852471957,0.651763266222329,-2.90528574231375,0.00366917962444793,0.0225793666616055
"g1136",187.749832425768,-0.301062506014274,0.662267166355845,-0.454593736951937,0.649401541386344,0.779918616035457
"g1137",7.16154658851307,-1.46854305209892,1.06992984738268,-1.37256013157438,0.169889133259084,0.329432453915853
"g1138",18.7372253432548,2.98266350464765,0.998038313331559,2.98852605637072,0.00280326596573639,0.0185015553738602
"g1139",30.7527210188273,1.40797134586696,0.768532998370909,1.83202458300619,0.0669477581706855,0.180550046180972
"g1140",491.249073163248,-1.07329893397962,0.652542571917037,-1.64479526726737,0.100012038504575,0.23728346390301
"g1141",0,NA,NA,NA,NA,NA
"g1142",0,NA,NA,NA,NA,NA
"g1143",95.0518524484556,-1.39867909021515,0.685568852261314,-2.04017304112005,0.0413330938479455,0.12956560543054
"g1144",802.608417329241,-1.12471453917166,0.649756035847865,-1.73097974796652,0.0834553766080732,0.210085310046675
"g1145",2473.83899003506,-0.33494549767594,0.646506786246785,-0.518085045356483,0.604398933738054,0.745233739629462
"g1146",77.1302805647163,-1.86282260044515,0.702737330964256,-2.6508092261003,0.00802991834781133,0.0407666366353251
"g1147",742.37843150695,-1.1989197966793,0.650216726141595,-1.84387720044318,0.0652010385070158,0.177155516302745
"g1148",3.68244492387595,-5.39664024837275,2.20823526304207,-2.44387015219489,0.0145306552369949,0.061337266787012
"g1149",62.6261103860283,1.83944318294592,0.718702489376409,2.55939447843284,0.0104854683138243,0.0488958987896956
"g1150",1078.14567949882,0.18250756681391,0.64820312820933,0.281559219434948,0.778281513693656,0.87142563069339
"g1151",14.765190520417,0.853382738720658,0.853509172229625,0.999851866256298,0.317382201231203,0.495462466135117
"g1152",32193.1759119155,-0.130106749023945,0.645292802877028,-0.201624360978251,0.840210399029159,0.908954408314851
"g1153",450.680479041027,-0.349603017001136,0.652380891225981,-0.535887886513886,0.592036036839467,0.735990004701119
"g1154",0,NA,NA,NA,NA,NA
"g1155",166.517091311717,-0.779244954430665,0.665443316982309,-1.17101627523202,0.241592235281602,0.415630243636122
"g1156",3306.59760639158,-1.01617611699904,0.646275773156095,-1.57235681609499,0.115867823334541,0.264196104713809
"g1157",924.5848796959,-0.738816270120945,0.648862337451291,-1.1386333086044,0.254856129666059,0.430291977064091
"g1158",1819.21619090654,-1.55700195620209,0.647474562748377,-2.40473069643537,0.0161843874717782,0.0652770294695054
"g1159",1278.09208460182,-0.0551826074814817,0.647713350055346,-0.0851960322830561,0.932105544893931,0.959252425902223
"g1160",1646.69632201972,0.546827021227747,0.647241456371408,0.844857843768833,0.398190213997301,0.572221091373793
"g1161",1796.25825989711,0.773949332734976,0.647145989200633,1.19594240812799,0.23171903436166,0.404783491209252
"g1162",924.591054445094,1.77230620834838,0.650296772968765,2.72538059854943,0.00642274024563432,0.0344889749876518
"g1163",2237.50849058215,0.0660239788113118,0.646636944352768,0.102103629227984,0.918674420364857,0.953494995863269
"g1164",14.3076681871297,4.71135100588225,1.60292706644182,2.93921732592644,0.00329042263545948,0.020522739118072
"g1165",1.425683237232,3.88100866997155,2.29623807327888,1.69015953316623,0.090997437894114,0.219496269765882
"g1166",0,NA,NA,NA,NA,NA
"g1167",0,NA,NA,NA,NA,NA
"g1168",87.7577842505302,0.0833890146930232,0.681086149944787,0.122435340521582,0.902554251351425,0.942548879276722
"g1169",1725.17167596312,1.36307654540975,0.647562263045683,2.10493511310988,0.035296956675157,0.116057928198207
"g1170",320.983814090974,1.13393530171507,0.657005531127798,1.7259143918752,0.0843628151613262,0.210907037903316
"g1171",0,NA,NA,NA,NA,NA
"g1172",520.287059013907,0.278071388678995,0.651458829247719,0.426844147618818,0.669492848564346,0.791099948010604
"g1173",34.7910166463712,0.268420685353747,0.733270973048463,0.366059335797554,0.714320800022786,0.823838331060832
"g1174",191.907505095388,-0.34330812105562,0.661943503658678,-0.51863658931328,0.604014188571837,0.745233739629462
"g1175",2.37613872871999,4.61797165985415,2.2349940207416,2.06621208692175,0.0388084580655006,0.124667878564396
"g1176",89.5770094389036,1.61081227952481,0.693171819800662,2.32382828255776,0.0201346992592797,0.07709805729028
"g1177",0,NA,NA,NA,NA,NA
"g1178",2352.59757126936,0.19001626284394,0.646574591899975,0.293881425630371,0.768848511908212,0.865133322450964
"g1179",421.27859673251,0.431277499693615,0.653043798781358,0.660411293237024,0.50898992694536,0.665574003894688
"g1180",0,NA,NA,NA,NA,NA
"g1181",11.8629882311433,0.590348501651748,0.886731939136904,0.665757570688568,0.505566068849806,0.664934951991296
"g1182",160.549315143965,0.625972748336513,0.666161451726267,0.939671226418745,0.347386228707972,0.523078761098536
"g1183",74.6370452164804,-0.97328445759771,0.691148746751333,-1.40821272146195,0.159068090415431,0.321501764035644
"g1184",13.4920147276142,-0.0397014292432473,0.851497003539929,-0.0466254479794955,0.962811749528325,0.976258841002184
"g1185",0,NA,NA,NA,NA,NA
"g1186",652.318148568111,-0.0139626518417892,0.650124317034919,-0.0214768952274696,0.982865234149344,0.987763233655071
"g1187",439.834207106078,-0.508766307123043,0.652656877104527,-0.77953105984289,0.435666948542222,0.606857645129803
"g1188",2026.56558652233,0.219372282069232,0.646799798030239,0.339165662601175,0.734484935054764,0.840536038539972
"g1189",0,NA,NA,NA,NA,NA
"g1190",0,NA,NA,NA,NA,NA
"g1191",0.475227745743999,2.29605134051971,2.58074822374486,0.889684363392864,0.373635392471387,0.54910788448224
"g1192",325.48137450634,-0.881184902528132,0.655820229626408,-1.34363787928607,0.179065514229018,0.343555928462651
"g1193",0,NA,NA,NA,NA,NA
"g1194",1105.57234426547,0.816906371874089,0.648391040861456,1.2598976857989,0.207706273684655,0.38070597829292
"g1195",0,NA,NA,NA,NA,NA
"g1196",2165.32270948842,4.09195427175311,0.652599222595257,6.27024080028815,3.60490173195081e-10,3.27144832174536e-08
"g1197",14910.3596687664,1.43356608331978,0.645473508518035,2.22095262532332,0.0263541702934817,0.0936062995746954
"g1198",5214.28822945249,-3.98209823365027,0.647830244593189,-6.14682359597284,7.90499592013296e-10,6.52162163410969e-08
"g1199",17126.3081468076,-2.75099666139025,0.645595339045399,-4.26117800890257,2.03352177060769e-05,0.000396864732650856
"g1200",1510.29012458373,-2.01025225429839,0.648437818424566,-3.10014653245005,0.00193424925385435,0.0148129215010365
"g1201",11175.6381124403,-1.72381239640921,0.64558644123928,-2.67014962876257,0.00758174523444937,0.0392047509986484
"g1202",1106.76034935459,2.34996739170637,0.650672973741673,3.61159520456638,0.000304319324113045,0.00354063829016139
"g1203",733.615223492688,0.266710950307517,0.649638715035546,0.410552733595816,0.681400528410907,0.800480232405046
"g1204",132.665666012058,0.726471037056168,0.670927973003272,1.08278543493166,0.278903671931546,0.456868379562957
"g1205",1982.05473162102,-0.334070934190171,0.646832381557069,-0.516472186172851,0.605524660096458,0.746114907043497
"g1206",0,NA,NA,NA,NA,NA
"g1207",691.323439030543,-1.71307224404371,0.651507424077581,-2.62939788670731,0.00855362160855042,0.0423019706253924
"g1208",2722.06829796159,0.536059487941109,0.646430839987971,0.829260386077935,0.406957081546368,0.579315374907183
"g1209",453.012623222618,0.238902115432635,0.652362091937641,0.366210910145085,0.714207701714001,0.823838331060832
"g1210",0,NA,NA,NA,NA,NA
"g1211",69.6814244998016,-1.08388025378868,0.695473946102948,-1.55847715052755,0.119120180401394,0.267909699415776
"g1212",699.111516322718,0.202140637026673,0.649835327635035,0.311064401134253,0.755751663308519,0.856728677728511
"g1213",126.228965398217,-0.636000990602744,0.671224568871051,-0.947523407363424,0.343372134427303,0.520692486902614
"g1214",220.01220289899,-0.205778321100155,0.659731722415718,-0.311912121409993,0.755107310207262,0.856574855016363
"g1215",1076.4338912717,-0.945959838085472,0.648465614022583,-1.45876638271914,0.144629418182372,0.302770927336799
"g1216",231.811210747988,0.466660196070442,0.659453287409887,0.707647084304224,0.479164445689863,0.644209976983038
"g1217",143.664445391436,1.09693999786886,0.671044573626956,1.63467531216289,0.102117130502942,0.240704664756934
"g1218",360.862435095411,-1.22061620052665,0.655544306736469,-1.86198886632593,0.0626046595975395,0.171642684546124
"g1219",589.674332769626,-0.234971855520452,0.650660802339565,-0.361128032725452,0.718003738203943,0.825503136781272
"g1220",0,NA,NA,NA,NA,NA
"g1221",488.842084454735,-0.831980129335954,0.652224478148328,-1.27560396337463,0.202095552359567,0.37505462937895
"g1222",123.225091479324,-0.648276002278808,0.671889832137632,-0.964854610489198,0.334617638487968,0.513342289922174
"g1223",2076.05553288441,0.253922050280738,0.646765547626438,0.39260293194745,0.694612773717371,0.81023276625773
"g1224",339.460019092499,0.438346023849642,0.654930331809725,0.669301760140487,0.503303004236084,0.664843488128452
"g1225",1494.95474740517,0.0993178765950698,0.647355899111109,0.153420825748934,0.878066422730092,0.927389285940334
"g1226",0.475227745743999,2.29605134051971,2.58074822374486,0.889684363392864,0.373635392471387,0.54910788448224
"g1227",3.42826584982741,1.17530918195383,1.36865702997779,0.858731702837852,0.390488555419988,0.563831923697118
"g1228",205.819888876841,2.55187366982179,0.677062660286062,3.76903619045187,0.000163879127529877,0.00208000431095614
"g1229",873.461883960251,-0.299319100875388,0.648900243825044,-0.461271364471994,0.644603926809064,0.777379486484021
"g1230",781.53046408218,-1.14943596814214,0.649906970036055,-1.76861615759926,0.076957952497133,0.199558905389083
"g1231",488.381077212377,1.75663949667687,0.654763925854486,2.68285931358298,0.0072995690604615,0.0380710282894759
"g1232",2676.13444966316,1.45734302733504,0.646769078054567,2.25326639257185,0.0242423574287811,0.0881761096858472
"g1233",2525.06365740033,-0.495379716411826,0.646497115666282,-0.76625201320703,0.443526365124105,0.614048662225962
"g1234",90.5097595179349,1.24704663782064,0.687471469245645,1.81396129673427,0.069683684569016,0.184906268264275
"g1235",461.807757152722,0.57225351198114,0.652496719838215,0.877021285444974,0.380475076831081,0.554668485500732
"g1236",2820.59120632049,0.832657872477119,0.646452236314683,1.28804237297401,0.197731213520996,0.369220321543836
"g1237",1199.82409679476,-1.73899502051361,0.64887252667556,-2.68002565838809,0.00736165171041676,0.038284807605749
"g1238",7818.32017395442,-1.92676391113329,0.645800096956962,-2.98352991926184,0.00284944175521132,0.0185366909882027
"g1239",9.75873398892852,1.43834454758272,0.985547095889888,1.4594376601394,0.144444686979951,0.302770927336799
"g1240",448.777287635491,-0.557871749599356,0.65254819113215,-0.854912720900301,0.39259946769743,0.566429279706546
"g1241",566.323654877999,-1.34862262122226,0.652043315597897,-2.06830219551539,0.0386116154503566,0.124667878564396
"g1242",1225.71817933095,0.429115429593433,0.647901018724257,0.662316337205918,0.507768508793353,0.664934951991296
"g1243",1290.10865621345,0.993284277206666,0.648045870056448,1.53273760871301,0.125340518747359,0.278306031977867
"g1244",170.935784323066,0.621567585548155,0.664892157518932,0.93483970072313,0.349870916274588,0.526110781307687
"g1245",7259.18640188742,0.436787620802649,0.645651055970368,0.676507250725684,0.498718644083853,0.661452180321665
"g1246",10.455010406368,6.75546667933038,2.16183664503996,3.12487379415549,0.00177881360192203,0.0137972080661901
"g1247",3407.57485436473,-0.401922941296678,0.646151435242839,-0.622025920511383,0.533924824096839,0.685941268779055
"g1248",135.521055363618,-6.13529519770448,0.972011797272547,-6.31195548749516,2.75531485685898e-10,2.63205077115739e-08
"g1249",0,NA,NA,NA,NA,NA
"g1250",30.6996047814574,-1.48541768189474,0.766231292016616,-1.93860221759584,0.0525497933237886,0.155338558440841
"g1251",150.907677774552,0.149624933116139,0.666363856990416,0.224539388723616,0.822337621480968,0.899759924814168
"g1252",287.704189353533,-0.934016132267684,0.657326102369235,-1.42093266782068,0.155336334856111,0.318137608973584
"g1253",419.832927660261,0.152228210133459,0.652882591293491,0.233163224389036,0.815634661553146,0.895028361982442
"g1254",20.4502180568884,0.0648873860317401,0.787671470374015,0.0823787435146397,0.934345538807304,0.96027018852506
"g1255",368.749365626621,0.119277771738276,0.653926448720551,0.18240242763028,0.855266920791887,0.915445839323762
"g1256",313.258512694433,0.70916142912446,0.656179747031096,1.08074263543348,0.279811612036,0.457695843065313
"g1257",4009.24431132353,1.64547408771872,0.646317594819784,2.5459218515899,0.0108989584978894,0.050334884665825
"g1258",4092.27554551709,-1.5307794394717,0.646199362573585,-2.36889654823419,0.0178412430599116,0.0710128424424114
"g1259",5.20979979072736,-3.3165325774477,1.65193227001999,-2.00766861791953,0.044678517561704,0.135831673994125
"g1260",0,NA,NA,NA,NA,NA
"g1261",0,NA,NA,NA,NA,NA
"g1262",212.099521201132,2.54438637339668,0.676027834787726,3.76373019344036,0.000167397490837687,0.00210990587410001
"g1263",19.6876808347428,3.06283378332077,0.996426613356941,3.07381772251359,0.00211338514985953,0.015404795369458
"g1264",117345.135900876,-0.177087687507633,0.6452200447059,-0.274460920674515,0.783730431682527,0.874750581572107
"g1265",481.135026438677,0.325038868676068,0.651994478753964,0.498530093839528,0.61811046349807,0.754249682278574
"g1266",0,NA,NA,NA,NA,NA
"g1267",0.950455491487998,3.29604811023646,2.37056909796141,1.39040372755678,0.164406315195475,0.322940976276827
"g1268",171.028334262445,-1.54191691068743,0.668952601183712,-2.30497184398268,0.0211681503603249,0.0795449128446992
"g1269",524.515015365328,-0.798041390597276,0.651710165843106,-1.22453420619097,0.220750770608777,0.394148341778648
"g1270",698.189092420438,-1.07004957526519,0.650368842469534,-1.64529649237512,0.0999086828488222,0.23728346390301
"g1271",621.398699601469,-2.34532836589126,0.654265168575384,-3.58467556968995,0.000337497470452036,0.00379685741182017
"g1272",293.278423570144,-2.58805018427019,0.666542989880251,-3.88279559392733,0.000103262369706329,0.00143069619096936
"g1273",1.05212712110741,-3.58929158146617,2.37057675858604,-1.51410055315275,0.130000338405299,0.281482257053423
"g1274",1.05212712110741,-3.58929158146617,2.37057675858604,-1.51410055315275,0.130000338405299,0.281482257053423
"g1275",2.10425424221483,-4.5892881797993,2.258163564981,-2.03230990481326,0.0421222923781135,0.12956560543054
"g1276",3.58077329425653,-1.46854190003452,1.36865761181232,-1.0729797484485,0.283280202600158,0.459323741652412
"g1277",396.179515302336,-1.07770595593078,0.654303275011063,-1.64710463341721,0.0995365409308036,0.237085067965103
"g1278",0,NA,NA,NA,NA,NA
"g1279",31.1417021248483,-0.333029604381913,0.742372031462627,-0.448602035458927,0.653718765193917,0.782600394746123
"g1280",5606.59245883128,0.817605936778722,0.645824571203046,1.26598765862327,0.20551750073556,0.378310612408765
"g1281",2992.83611522929,1.0880670022105,0.646454121257294,1.68313104740412,0.0923497253399597,0.22141975098022
"g1282",599.214298509419,-0.0936229615684256,0.650557589016644,-0.143911873674308,0.885570059456684,0.932314186724989
"g1283",0,NA,NA,NA,NA,NA
"g1284",1465.49424062858,-3.63316061781652,0.652786435899798,-5.56561904171399,2.61223379145446e-08,1.3546298089971e-06
"g1285",212.467978504112,-2.11184988040923,0.66887752590189,-3.15730428759987,0.00159235087237781,0.0125657253624597
"g1286",98.4932628656193,-4.63846628935049,0.829461672044132,-5.59214059634535,2.24287081249322e-08,1.19729721313976e-06
"g1287",5.26063560553707,-5.91121147760877,2.18794493422336,-2.70171857853774,0.00689821220700199,0.0362905946542278
"g1288",1.57819068166112,-4.1742520876459,2.29624622305941,-1.81785909791691,0.0690856712339172,0.183587837905651
"g1289",0.475227745743999,2.29605134051971,2.58074822374486,0.889684363392864,0.373635392471387,0.54910788448224
"g1290",13.306376880832,7.10338850065881,2.15714277524362,3.29296168161914,0.000991379848412056,0.00889064774346335
"g1291",221.760606437537,-0.140102973521303,0.659595959114501,-0.21240726475855,0.831789318629249,0.905563875529625
"g1292",44.5851614602129,1.99473804289205,0.75263408212999,2.65034243100824,0.00804102254294567,0.0407666366353251
"g1293",327.64840464419,3.48701812083787,0.678507571879107,5.1392471732934,2.75841359021207e-07,1.22110260152071e-05
"g1294",19.00910982976,7.61795944888299,2.15196769330584,3.5399971256912,0.000400131389875207,0.00440144528862728
"g1295",940.792792347519,1.43435765125926,0.649632974169631,2.2079508095978,0.0272477023730819,0.095928351945763
"g1296",1402.43033664336,1.11513231454734,0.6479013690713,1.72114517391092,0.0852244837081676,0.212184414170541
"g1297",662.196259599115,0.0384588249092741,0.650056235857694,0.0591623044097576,0.952822833749265,0.971383369282793
"g1298",15.4106311230468,2.66073569087015,1.00545881412523,2.64629008517376,0.00813799960446823,0.041029081339194
"g1299",327.25606717956,-1.91920480613662,0.65951323426388,-2.9100322880992,0.00361391419318887,0.022386533312757
"g1300",313.377889736509,0.78249983315447,0.656329643944147,1.19223600575485,0.233168719039816,0.405928912748532
"g1301",8873.99644707352,-0.105294981122633,0.645556207417463,-0.163107379206939,0.87043388983866,0.922599114836018
"g1302",18.533882084016,7.58143373189488,2.15227766355889,3.52251656942749,0.000427470319627456,0.00461820613168948
"g1303",806.414800140314,-0.866679112772965,0.649491280966312,-1.33439683975976,0.182073835200961,0.348044349586407
"g1304",2.10425424221483,-4.5892881797993,2.258163564981,-2.03230990481326,0.0421222923781135,0.12956560543054
"g1305",163.760555199192,-3.49913095064646,0.705609870833422,-4.95901644135662,7.08509714990687e-07,2.42631157114735e-05
"g1306",829.968821291179,-0.13965478820058,0.649072247215521,-0.215160621640643,0.829642091268198,0.905207428517028
"g1307",21.7233938496913,0.660737837773913,0.78784076965943,0.838669263155216,0.401654931150337,0.575278303793515
"g1308",1.900910982976,4.29604472599437,2.25815520226483,1.90245768833144,0.057111345376143,0.161208540991757
"g1309",2762.07903115787,-0.984801430545629,0.646480398041826,-1.52332759590015,0.127676766390007,0.281482257053423
"g1310",151.093315621334,-0.108397061634812,0.666217650167849,-0.162705178416547,0.870750569539449,0.922599114836018
"g1311",1734.81116146043,-0.198294874131307,0.647054053554056,-0.306457973707356,0.759255973545216,0.859133162085141
"g1312",3589.94267458743,1.23980056525936,0.646290073694638,1.91833453076543,0.0550686066402169,0.160432618060985
"g1313",52.783410179937,3.17530940633778,0.80325788412314,3.95303858088369,7.71649893549987e-05,0.00113865411121401
"g1314",46.2318933691404,2.66073663060918,0.783899498234562,3.39423183278148,0.000688214053033765,0.00675193787165558
"g1315",131.869998387559,1.36795597221192,0.675584176662941,2.02484904097215,0.0428828675988497,0.131473656574176
"g1316",586.536861305271,-3.02544894133896,0.658625020401968,-4.59358337084201,4.35698834403368e-06,0.00011297048349173
"g1317",0,NA,NA,NA,NA,NA
"g1318",1165.02785278479,-0.147855797587927,0.647959204772794,-0.228186892784048,0.819500950711413,0.898727628725809
"g1319",1236.8249336396,0.141364793947515,0.64781159342656,0.218218993580794,0.827258486933989,0.903414051615638
"g1320",38.8978535011814,0.0757757244325682,0.723633451004343,0.104715618559918,0.916601468282386,0.953370581623227
"g1321",4408.24150096377,-1.42432783221013,0.646096653732445,-2.2045120091273,0.02748835632711,0.0961298010283328
"g1322",1614.29405070138,0.0570185142519485,0.647193141800843,0.0881012337264452,0.929796215822452,0.958307854467774
"g1323",576.662106632876,0.0584011830555248,0.650777798294295,0.0897405891974122,0.928493360534777,0.957508778051489
"g1324",39.9145697973756,-1.49453909337002,0.740302692320225,-2.01882163724935,0.0435057613056681,0.132934270656208
"g1325",230.933319360862,-1.70604289394603,0.66387159413458,-2.56983866913302,0.0101745885892508,0.0482625833543417
"g1326",0,NA,NA,NA,NA,NA
"g1327",2505.98882473389,-0.232082281941448,0.646483243621024,-0.3589919525857,0.719601109473736,0.82663038841445
"g1328",1.05212712110741,-3.58929158146617,2.37057675858604,-1.51410055315275,0.130000338405299,0.281482257053423
"g1329",612.517856999666,-1.3178430946802,0.651474153217486,-2.02286320673148,0.0430872528559938,0.13187751084929
"g1330",270.29097561789,-1.1344066746419,0.658682509344443,-1.72223591570835,0.0850267911928757,0.211983002767953
"g1331",0,NA,NA,NA,NA,NA
"g1332",0,NA,NA,NA,NA,NA
"g1333",1.05212712110741,-3.58929158146617,2.37057675858604,-1.51410055315275,0.130000338405299,0.281482257053423
"g1334",0,NA,NA,NA,NA,NA
"g1335",0,NA,NA,NA,NA,NA
"g1336",2698.79126011037,0.646239339740263,0.646463246587327,0.999653643345936,0.317478153231483,0.495462466135117
"g1337",1.425683237232,3.88100866997155,2.29623807327888,1.69015953316623,0.090997437894114,0.219496269765882
"g1338",0,NA,NA,NA,NA,NA
"g1339",0,NA,NA,NA,NA,NA
"g1340",0,NA,NA,NA,NA,NA
"g1341",1481.10124519272,-0.911051652470285,0.647556483653677,-1.40690684977765,0.159455012173139,0.321567607882496
"g1342",100.538097570808,0.473969638591407,0.677651903518836,0.699429362081373,0.484283743480473,0.648211647800191
"g1343",368.009094662053,0.792962568730181,0.654708127972314,1.21116958053668,0.225830418598367,0.399885082688815
"g1344",1771.78986059815,-0.587086160113686,0.647070021826627,-0.907299272583188,0.36424855875608,0.541894372247774
"g1345",75.9787622365496,-0.434192933009692,0.686992263211868,-0.632020120546521,0.527373729721549,0.68126926650862
"g1346",1022.85079059017,-0.543005410672666,0.648424649463306,-0.837422530315753,0.40235510582957,0.575278303793515
"g1347",5.22750520318399,5.75547080973983,2.18360796388036,2.63576196136972,0.00839485992241615,0.0419742996120808
"g1348",67.2081749865825,1.58130299664212,0.70777929471821,2.23417526966749,0.0254715429654606,0.0911851094325661
"g1349",0,NA,NA,NA,NA,NA
"g1350",3494.93843014563,0.114533122164581,0.646119386604037,0.177263094931355,0.859301737670013,0.91689162485072
"g1351",1158.11136358008,-0.449935377152049,0.648021364086997,-0.69432182654343,0.487480405981056,0.6510499903279
"g1352",0,NA,NA,NA,NA,NA
"g1353",0,NA,NA,NA,NA,NA
"g1354",1602.49209591134,1.13295765231335,0.647575307387305,1.74953806821999,0.0801980544217922,0.204789304732399
"g1355",1280.42530471946,1.24275222423474,0.648267753752893,1.91703538706084,0.0552334361511211,0.160654946497251
"g1356",13.9341120710051,2.96885712809798,1.09092214616957,2.72141979931583,0.00650021558086567,0.0346118101317281
"g1357",2450.57737717374,-0.2494134155915,0.646513317459569,-0.385782332483967,0.699657880986193,0.811943129149578
"g1358",0,NA,NA,NA,NA,NA
"g1359",0,NA,NA,NA,NA,NA
"g1360",0,NA,NA,NA,NA,NA
"g1361",0,NA,NA,NA,NA,NA
"g1362",0.475227745743999,2.29605134051971,2.58074822374486,0.889684363392864,0.373635392471387,0.54910788448224
"g1363",0,NA,NA,NA,NA,NA
"g1364",0,NA,NA,NA,NA,NA
"g1365",765.147649178093,-0.573865427094252,0.649524970029635,-0.883515574571472,0.37695777140649,0.551660691369487
"g1366",59.5359898274122,0.871304829573069,0.70285372354037,1.23966737372349,0.215098449520967,0.389755567936682
"g1367",319.283965944676,0.783802454402725,0.656128168467058,1.19458741762903,0.232248267630008,0.405317890142754
"g1368",334.18449646509,4.33450790159512,0.699112767648414,6.20001250467072,5.64586747793416e-10,4.87964260592881e-08
"g1369",774.901822321901,-0.780434299166349,0.649598283723852,-1.20141065443165,0.229591945228994,0.40289540667824
"g1370",0,NA,NA,NA,NA,NA
"g1371",0,NA,NA,NA,NA,NA
"g1372",0,NA,NA,NA,NA,NA
"g1373",9261.119270136,-0.2585735741898,0.645542402763853,-0.400552423950358,0.688749679259648,0.805534990263616
"g1374",16.157743355296,7.38349521326303,2.15410011510165,3.42764719313643,0.00060883614306928,0.00613909777594857
"g1375",0,NA,NA,NA,NA,NA
"g1376",0,NA,NA,NA,NA,NA
"g1377",0,NA,NA,NA,NA,NA
"g1378",0,NA,NA,NA,NA,NA
"g1379",0,NA,NA,NA,NA,NA
"g1380",0,NA,NA,NA,NA,NA
"g1381",125.504119423545,0.853383069765038,0.673055229689663,1.26792428335862,0.204824991250106,0.377802194226568
"g1382",26.6944395562666,-1.73157805984462,0.793565753829027,-2.18202215946139,0.0291078973295333,0.0985649881587742
"g1383",7.78928177868619,-2.84705177630464,1.27163508830954,-2.23889054531311,0.0251630388182031,0.0906616537843223
"g1384",27.7974024921837,-1.95397031509611,0.799547773020189,-2.44384435931231,0.0145316940597329,0.061337266787012
"g1385",108.475325948803,-1.4876526541937,0.681656787416501,-2.18240716098779,0.0290794962953936,0.0985649881587742
"g1386",182.935855008742,0.906063440332646,0.664655568729477,1.36320747611373,0.172817131751706,0.333684142690793
"g1387",10.0306184754337,4.17529934812167,1.61297047405275,2.58857766790412,0.00963732110252526,0.0462744386272046
"g1388",740.015975313591,-0.461920956477218,0.649618999392539,-0.711064419158248,0.477044317446132,0.643743818709837
"g1389",3.80182196595199,5.29604100967454,2.19979505496391,2.40751564457054,0.0160614740316819,0.0650735051411106
"g1390",754.967341648815,0.38247271810454,0.64956096024175,0.588817280463089,0.555983852440277,0.7027233232445
"g1391",0,NA,NA,NA,NA,NA
"g1392",0,NA,NA,NA,NA,NA
"g1393",2.57948198795883,-2.14661006278209,1.73722760829968,-1.2356527449406,0.216587669797758,0.389996585858484
"g1394",20.1274977555735,-0.436123023217817,0.791525240391318,-0.550990670875137,0.581640069792459,0.727551155529506
"g1395",1057.09629580899,0.00207838236628483,0.648241071949084,0.0032061874142527,0.99744183694596,0.997444031073641
"g1396",0,NA,NA,NA,NA,NA
"g1397",1057.70981049578,-1.16331823681557,0.648691292615025,-1.79333104985264,0.0729200053956507,0.191533733419835
"g1398",496.045883135842,-0.193252676727212,0.651678693564217,-0.296545949155185,0.766813181703685,0.8633783652557
"g1399",40.9712577636033,5.24569293875007,1.21726136926589,4.3094220117358,1.63681765734069e-05,0.000326464181106962
"g1400",630.031537878417,0.799570446317214,0.650775034485721,1.22864339279561,0.219205538605052,0.392752273018923
"g1401",203.47862300501,-0.935628239161764,0.662288959259406,-1.41271906481427,0.157738343673238,0.32004157745543
"g1402",1572.01997165169,-0.739705833813062,0.647353739679061,-1.14266094172838,0.253179392389097,0.4286572734946
"g1403",4.00516522519082,-0.146616327702304,1.20704329857865,-0.121467330852962,0.903320889273979,0.942548879276722
"g1404",6.21109109702507,-2.46854062286408,1.29038266479011,-1.91302990207606,0.0557442245246406,0.161208540991757
"g1405",208.290319999475,-3.23811304811616,0.686763078074895,-4.71503659922007,2.41667305755707e-06,7.05945171677544e-05
"g1406",4.68373623017366,-3.14660793457278,1.66065902040797,-1.89479471457046,0.0581196037115395,0.16354586160689
"g1407",0,NA,NA,NA,NA,NA
"g1408",2088.7285377939,-0.436051926174383,0.646760593337682,-0.674209175181944,0.500178337204585,0.662161693673465
"g1409",2225.52330691835,-0.278778775459552,0.646648685891568,-0.431113186405359,0.666386073060885,0.788455490616366
"g1410",29.6297722478934,-2.98311562957353,0.869044352281113,-3.43263910724843,0.000597737159709656,0.00609490418467992
"g1411",436.511635762966,-1.85428655152221,0.655693973028804,-2.82797559196224,0.00468433779045644,0.0269907082212014
"g1412",41.8685970177214,0.802756833928453,0.724714976921794,1.10768627597313,0.267997328434329,0.446662214057215
"g1413",1570.03791284214,-0.237880116164971,0.647251935123265,-0.367523221262626,0.713228773869083,0.823838331060832
"g1414",0,NA,NA,NA,NA,NA
"g1415",1238.93830957206,0.413372348968946,0.647867231695687,0.63805102148323,0.523440467893056,0.677635127835875
"g1416",42.3415443409053,-1.27906622114784,0.729959609214597,-1.75224245972192,0.0797321254825997,0.204398033546495
"g1417",368.077097921294,-0.968061119962828,0.654761710375947,-1.4784937857881,0.139275659178696,0.295655346677583
"g1418",0,NA,NA,NA,NA,NA
"g1419",0,NA,NA,NA,NA,NA
"g1420",1200.51568381662,0.42545179766298,0.647956554834913,0.656605438263337,0.511434651194803,0.667328462917734
"g1421",3195.53113924109,0.490324411202119,0.646240837218549,0.758733250768395,0.448012142056154,0.616951470282184
"g1422",173.097177679747,-2.02108450031717,0.673101159284774,-3.00264599523902,0.00267643563103048,0.0182496596823104
"g1423",1330.09122927006,0.416422568762116,0.647685162273214,0.642939800103768,0.52026316282106,0.67544895602305
"g1424",0.475227745743999,2.29605134051971,2.58074822374486,0.889684363392864,0.373635392471387,0.54910788448224
"g1425",259.401247103837,2.74516586908623,0.673183859891736,4.07788426408161,4.54473783148462e-05,0.000767420399789456
"g1426",2446.4422516288,2.8139149209458,0.648328566331137,4.34026058248462,1.42313850444132e-05,0.000292210648109677
"g1427",8.6557710530114,2.85337876025983,1.25977544626673,2.26498997794856,0.0235132945331154,0.0863899384162034
"g1428",250.862034702317,-0.73642784873234,0.658611994866638,-1.11815128554022,0.263502385826342,0.442420749560417
"g1429",1792.08757121061,-0.574451754384588,0.647045965003788,-0.887806717690026,0.374644728790349,0.549794005528755
"g1430",65.9989795759257,-0.967066657858411,0.69687475160433,-1.3877194655597,0.16522248626305,0.323843210116022
"g1431",843.652239197207,-1.56687624890376,0.650119363203032,-2.41013625741589,0.0159465636803948,0.0650735051411106
"g1432",534.052700682561,-0.788790129600004,0.651584363529092,-1.21057252713644,0.226059278688515,0.399900185984069
"g1433",943.077714173833,-3.07892768285974,0.653821873995674,-4.70912308889823,2.4878480473716e-06,7.05945171677544e-05
"g1434",5.68502753647136,-2.31653771721588,1.29931278963414,-1.78289456988119,0.0746034671935397,0.195108491291462
"g1435",1872.69574895346,0.0420139261433948,0.646916692180682,0.0649448787629374,0.948217887908381,0.968494916462415
"g1436",29.2076607395192,0.499746084295281,0.751387497201312,0.665097684159881,0.50598801578814,0.664934951991296
"g1437",73.0479903900432,2.94084451527495,0.749441607442369,3.92404756564185,8.70735318091777e-05,0.00124439732467447
"g1438",42.7151004570299,-1.06999476721415,0.725181059050514,-1.47548636834931,0.140081830473447,0.296604991916321
"g1439",310.234652940524,0.342768391493035,0.65572935626524,0.522728452246367,0.601163235509131,0.743568921063992
"g1440",299.160491066198,-0.786719935218668,0.65655553902631,-1.19825344309089,0.230818365415236,0.403598586925486
"g1441",40.847319876407,-2.36162806833914,0.772633936919978,-3.05659375739243,0.00223867455726021,0.0160600566064319
"g1442",80.7795950862392,-1.43040877093985,0.692895409623943,-2.06439348720204,0.0389804234829748,0.124999061168903
"g1443",51.7090168012526,-1.52908541252047,0.720499597310806,-2.12225713689172,0.0338161508027709,0.111390768978274
"g1444",1797.46878834474,-1.32691181377131,0.647345425863795,-2.04977398581403,0.0403864912981812,0.12770292980174
"g1445",313.611545007517,-1.98615060712501,0.660526564304062,-3.00692010656322,0.00263909113086652,0.0181437515247073
"g1446",989.193048891482,-1.45967801479921,0.6492556516724,-2.24823305124763,0.0245613331866299,0.088979680107252
"g1447",2945.44599081477,0.110870213856068,0.646291976698365,0.171548182328454,0.863792747886857,0.920601196367966
"g1448",0.475227745743999,2.29605134051971,2.58074822374486,0.889684363392864,0.373635392471387,0.54910788448224
"g1449",1137.596089205,-1.62851456893747,0.64892606558398,-2.50955333019632,0.0120883960703795,0.053775585460144
"g1450",13117.0267535032,-0.765934908665689,0.645452989722406,-1.1866625778511,0.235360741603204,0.408003577850826
"g1451",694.093119710404,-1.46185222324821,0.650979330334802,-2.24562002989615,0.0247283563985945,0.0894063084929263
"g1452",0,NA,NA,NA,NA,NA
"g1453",10054.6054247053,0.46641666343901,0.645524824160095,0.722538694070943,0.469963344571635,0.637030224344673
"g1454",2181.38065221909,1.22070976052024,0.646987743458148,1.8867587104441,0.0591927869789985,0.165030581208729
"g1455",1099.16877405398,0.624688451059366,0.648296961189961,0.963583802572109,0.335254630704074,0.513342289922174
"g1456",724.909821111378,-1.57664193781306,0.650941291603485,-2.42209544570335,0.0154312969303905,0.0648328794644877
"g1457",3255.43745737648,-0.723365750103877,0.646234399256271,-1.11935506827921,0.262988691451382,0.441967106466906
"g1458",622.944835816826,0.205423218029883,0.650401855683056,0.315840454997082,0.752123609978163,0.855328541422535
"g1459",1283.11852696833,0.0320551423222449,0.647706736161458,0.0494902098937788,0.96052863901378,0.976125128673019
"g1460",0,NA,NA,NA,NA,NA
"g1461",0,NA,NA,NA,NA,NA
"g1462",0,NA,NA,NA,NA,NA
"g1463",0,NA,NA,NA,NA,NA
"g1464",0,NA,NA,NA,NA,NA
"g1465",48.3492921786915,-1.1238959378276,0.717184467247635,-1.56709464461886,0.117092570799831,0.265703073641719
"g1466",140.872498453998,-1.3146536740305,0.672054473679336,-1.95617130086657,0.0504449780877744,0.149848830162538
"g1467",781.983425570347,-1.45404382740505,0.650319154564339,-2.23589266470114,0.0253588029265739,0.0909609235409717
"g1468",713.423207386944,-0.428314080928019,0.64976978619806,-0.659178204382471,0.509781341263203,0.666128966445438
"g1469",0,NA,NA,NA,NA,NA
"g1470",1.05212712110741,-3.58929158146617,2.37057675858604,-1.51410055315275,0.130000338405299,0.281482257053423
"g1471",0.950455491487998,3.29604811023646,2.37056909796141,1.39040372755678,0.164406315195475,0.322940976276827
"g1472",0.526063560553707,-2.58929567907527,2.58075382973868,-1.00330982724433,0.315711396044123,0.493979468810417
"g1473",598.708758751907,1.2614055496101,0.65178803273081,1.93530026061565,0.0529534603889628,0.155770714110158
"g1474",9903.58843896454,0.915724580494882,0.645558138427197,1.41850055941654,0.156044675477977,0.318942664406001
"g1475",6.65318844041598,6.10339270077615,2.17430409225054,2.80705570234142,0.00499965955564562,0.0284463388510871
"g1476",14581.4624826929,0.774013820661196,0.645433469092986,1.19921550047428,0.230444161604951,0.403332838296033
"g1477",1654.30278434221,1.03988172450434,0.647444811509923,1.60613183705836,0.108244946018179,0.251877662849993
"g1478",25.2887421540514,4.5258018520666,1.22382954666133,3.69806552261563,0.000217248817206792,0.00262871068820218
"g1479",1.05212712110741,-3.58929158146617,2.37057675858604,-1.51410055315275,0.130000338405299,0.281482257053423
"g1480",484.447938123524,-0.726560212301442,0.652165362102464,-1.11407359930792,0.265247613559324,0.444110779181907
"g1481",1336.97230764986,0.63859118360199,0.647751753722694,0.985857899931483,0.32420284854643,0.502500572255995
"g1482",311.408437526267,0.685046365490587,0.65619682351146,1.04396476932751,0.296501689811386,0.475398027391931
"g1483",0,NA,NA,NA,NA,NA
"g1484",32.3794670927379,-1.82468744142426,0.773558488435053,-2.35882285399736,0.0183330048716463,0.0721787501996487
"g1485",53.8132710434674,-1.60604734793917,0.719471009687138,-2.23226137858919,0.0255976928647565,0.0914563239164035
"g1486",13.9495370609016,-2.28411808543434,0.962887893075937,-2.37215370746613,0.0176847319978354,0.0705445902770798
"g1487",143.259501327494,-5.3945399088753,0.849373436868338,-6.35119921899737,2.13642812103584e-10,2.15423168871114e-08
"g1488",690.16669333877,1.11699842822069,0.650687902686823,1.7166423774107,0.0860445345329861,0.212766798606771
"g1489",2474.01791516462,-1.62588119828859,0.646910394232933,-2.51330201645076,0.0119606891439827,0.0534695832421885
"g1490",1442.57453883464,0.810007707982955,0.647641754821679,1.25070334324874,0.211042730263334,0.384432230442404
"g1491",1761.98672264453,-3.00774666560913,0.649652631859126,-4.62977677316843,3.66060142064968e-06,0.000101636567588629
"g1492",4039.2175847767,0.404039058044028,0.646013213121435,0.625434665789225,0.531685816160647,0.684404082504663
"g1493",191.803553043209,-0.772937522761022,0.662790823543159,-1.16618621638278,0.243539164202263,0.418186928124036
"g1494",137.464218439187,-0.475680491067606,0.668706158578576,-0.711344564372981,0.476870742265385,0.643743818709837
"g1495",862.734451099353,-1.16838752187772,0.649484825864877,-1.79894506437753,0.0720273711168423,0.19029065295061
"g1496",2046.29311047665,1.77834453595831,0.647509246650194,2.74643882718022,0.00602461200658823,0.0327385353052624
"g1497",3689.38465049,1.30260071640133,0.646280899116841,2.01553336665429,0.0438487935821952,0.133757244288545
"g1498",390.636669033542,1.29501480504048,0.65537631670341,1.97598657753533,0.0481562974357795,0.144708079215132
"g1499",932.859715397081,-1.9168910849077,0.65024770774584,-2.94793978059966,0.00319899374000006,0.0204442733735919
"g1500",301.328725690559,-1.35738269263132,0.658041249503428,-2.06276231718853,0.0391352158986142,0.125274103802442
"g1501",57.9532383006308,-2.43784648845359,0.740404693319853,-3.2925864874285,0.000992703602694289,0.00889064774346335
"g1502",0,NA,NA,NA,NA,NA
"g1503",0.526063560553707,-2.58929567907527,2.58075382973868,-1.00330982724433,0.315711396044123,0.493979468810417
"g1504",275.724104502874,-0.753672188435087,0.657446313468103,-1.14636309154946,0.251644947576728,0.42685568210445
"g1505",40.7987644841574,0.207020189875006,0.720649795273979,0.287268783301743,0.773906523068434,0.86813370789197
"g1506",155.954105976074,1.77597810417598,0.674931749246114,2.63134473398193,0.00850477184550297,0.0422073461896596
"g1507",0,NA,NA,NA,NA,NA
"g1508",107.887562428664,0.794489381610758,0.677110647487874,1.17335236797467,0.240654529967917,0.414409840504526
"g1509",1417.99803605595,1.26249612886988,0.647986373066123,1.94833746718475,0.0513745968134027,0.152360936627984
"g1510",1439.48669869859,0.837131973551449,0.647660902704058,1.2925467170495,0.196167878326646,0.368195138741326
"g1511",2688.96572734871,0.415772919077169,0.646426598710835,0.643186589020846,0.5201030342768,0.67544895602305
"g1512",68.2580216851298,0.128005724188914,0.69108270906727,0.185224897844252,0.853052641312168,0.915377443000558
"g1513",109.374945625482,-1.40774059296294,0.680510678029295,-2.06865320179788,0.0385786416673492,0.124667878564396
"g1514",1424.31200326911,0.314010377657427,0.647495834789082,0.484961231850571,0.627703846024289,0.763594155853944
"g1515",336.391626823436,-1.12050284548043,0.656017391321984,-1.70803832383533,0.0876292316679851,0.215219290226513
"g1516",12.6432308657456,-0.731578611480424,0.873594490469151,-0.837435010707932,0.402348093121361,0.575278303793515
"g1517",0,NA,NA,NA,NA,NA
"g1518",3.80182196595199,5.29604100967454,2.19979505496391,2.40751564457054,0.0160614740316819,0.0650735051411106
"g1519",93.4405313644414,-0.98486495279242,0.682237415829285,-1.4435809733409,0.14885688016349,0.308843011596967
"g1520",1965.69028864787,-1.1125759557318,0.647054283677804,-1.71944763182465,0.0855328954387799,0.212369637785753
"g1521",2166.83315401176,0.526211475174091,0.646745587221907,0.813629788236251,0.415857067640617,0.588752400754851
"g1522",57.5002768124637,1.53788071116004,0.716752461873874,2.14562320042741,0.0319030529168647,0.106177147438988
"g1523",61.2666879535024,0.615223328928825,0.698716396567868,0.880505068939034,0.37858576040276,0.552802216517305
"g1524",40.4252083680328,0.0317205721105712,0.720728776366634,0.0440118018743225,0.964894996448827,0.977824912649146
"g1525",1127.5786152969,-1.85804551179063,0.649283846888908,-2.86168448621291,0.00421396175123501,0.0246720663822308
"g1526",1490.36704602345,-0.916675375922703,0.647544403120327,-1.4156177885339,0.156887440237733,0.319611109732532
"g1527",60.1328750377924,4.45031478220782,0.921816901689705,4.82776435759674,1.38074334500072e-06,4.39657749329176e-05
"g1528",311.098861792289,0.182584965195883,0.655567125265779,0.278514523012208,0.780617418155607,0.872964025848692
"g1529",370.186450976654,1.37309951497655,0.656198196889529,2.09250729655345,0.0363931597301083,0.119445903996649
"g1530",2846.15718887511,-0.66635175209025,0.646374154568124,-1.03090717254231,0.302584352764614,0.483442429813182
"g1531",889.132330938516,1.51097632557391,0.65001331285457,2.32453135296317,0.0200970331827673,0.07709805729028
"g1532",4650.70878495481,-1.32776532416492,0.646025644493051,-2.05528268960104,0.0398517083029137,0.126452535961169
"g1533",1116.09481996305,-0.333870172819992,0.648101843338982,-0.51515078417292,0.606447657501379,0.746745249908414
"g1534",0,NA,NA,NA,NA,NA
"g1535",5302.47808950294,0.797646895723698,0.645858074140787,1.23501884958989,0.216823488964572,0.390024412755895
"g1536",3941.62435100532,1.38264222845731,0.646237300874107,2.13952711579343,0.032393002274444,0.107355061237627
"g1537",0,NA,NA,NA,NA,NA
"g1538",423.325173892234,-0.184179508605288,0.652784537789257,-0.282144410511064,0.777832781243316,0.87142563069339
"g1539",60.1106087802155,-0.661189426107804,0.698916300524319,-0.946020897798187,0.344137927440725,0.520804830029203
"g1540",10.5898124383405,-0.56165369130424,0.906081092166443,-0.619871329575286,0.535342502796902,0.686191131762978
"g1541",26.4071300798649,0.126401743611185,0.758134615615809,0.166727308063242,0.867584617551654,0.921396185404477
"g1542",2279.55480824293,-0.632370894611897,0.64666071186219,-0.977902140971047,0.328122726148365,0.506803778488969
"g1543",1235.4546470623,0.274178025925231,0.647837969917512,0.423220062201883,0.672134710669976,0.792673489191687
"g1544",2.85136647446399,4.8810050904053,2.2194189561099,2.19922654844784,0.0278618174939238,0.0961391611244708
"g1545",43.25658900748,-3.37543287333833,0.839163369116036,-4.02237871380631,5.76133233676327e-05,0.00090144984407115
"g1546",6.38130395391082,1.02330726502711,1.0806830341418,0.94690786539435,0.343685729647014,0.520692486902614
"g1547",1383.04095798025,-1.01808198213371,0.647780471577881,-1.5716466099292,0.116032530523931,0.264239702510582
"g1548",0,NA,NA,NA,NA,NA
"g1549",8463.72278070341,-1.21081510992294,0.645636116844566,-1.87538317379236,0.0607400282672164,0.167531260341267
"g1550",89.8574776476247,-2.24177256928806,0.70292707514409,-3.18919650211017,0.00142668861421652,0.0115599992625134
"g1551",99.0216068487332,-2.11860102617988,0.695158531784886,-3.04765162090462,0.00230637141183264,0.0163518129393604
"g1552",549.1097615245,-0.503136899251541,0.651174792052411,-0.772660283217851,0.439723457597554,0.61051622978717
"g1553",8.1805433072674,2.76026947969851,1.26321280056705,2.18511835730246,0.0288801695991027,0.0981601270081863
"g1554",4.20850848442966,-5.58928460910032,2.19980370445672,-2.54081061768223,0.0110595806654633,0.050818073184344
"g1555",208.860916075183,-0.44666111487447,0.660721147442309,-0.676020612634425,0.499027558076459,0.661452180321665
"g1556",12.7117720930119,1.29395492496284,0.907279607950835,1.42619200698816,0.153812926214508,0.316161337575687
"g1557",5.38001264761311,1.26841920520802,1.17056801312971,1.08359291470531,0.278545333720328,0.456693568836853
"g1558",15.3752202981336,-1.60604705451894,0.878095218481958,-1.82901241313608,0.0673977486994204,0.180956973209243
"g1559",30.9360784430493,-4.97949918413798,1.22207386565003,-4.07463028553463,4.60875061030582e-05,0.000767420399789456
"g1560",0,NA,NA,NA,NA,NA
"g1561",3066.49131700647,0.838124503501253,0.646352647078303,1.29669849313655,0.194734948033638,0.36664308161935
"g1562",2.9022022892737,2.17530387236484,1.70700982924134,1.27433587967775,0.202544405915587,0.375297417496477
"g1563",17.2430008787565,0.791982260277794,0.824751140921375,0.960268159669384,0.336920270579,0.514739302273472
"g1564",0,NA,NA,NA,NA,NA
"g1565",0,NA,NA,NA,NA,NA
"g1566",4.75227745743999,5.61796783599995,2.18793623121106,2.56770181683509,0.010237517681224,0.0482625833543417
"g1567",608.381784069137,2.83677742276063,0.657863406602095,4.31210703360558,1.6170611508016e-05,0.000326107332078323
"g1568",90.5074790953748,0.2361031133744,0.680314040353324,0.347050184723189,0.728553617036848,0.835196443628896
"g1569",315.270216997269,2.05879669953373,0.661896193018747,3.11045254716463,0.0018680090732011,0.0143662562197457
"g1570",40.4451942030496,6.24568378473185,1.58819942338569,3.93255638603459,8.40472565587217e-05,0.00121068071947682
"g1571",199.135850456632,4.24207817534128,0.728730637245026,5.8211881846748,5.84307340947121e-09,4.2420712952761e-07
"g1572",704.534856998974,3.81227657940839,0.664201293657447,5.7396404009031,9.4877796725647e-09,5.93804141576032e-07
"g1573",22.1654911930822,2.59034689537512,0.902884785794732,2.86896726595637,0.00411814415984204,0.0243466828993919
"g1574",571.079288694049,1.29057711029351,0.652166334301449,1.97890789881983,0.0478263767828301,0.143955014694588
"g1575",39.8991448074791,0.070194697540321,0.721755023185373,0.097255571884385,0.92252343718148,0.955571739813408
"g1576",209.148225551584,-0.667962426959605,0.661095210874131,-1.01038763550623,0.312309609375552,0.493979468810417
"g1577",490.629921695291,-1.87638205286385,0.654622656427604,-2.86635672389283,0.0041522606621496,0.0243894922388399
"g1578",115.689988774686,-0.668842895066042,0.6736713381495,-0.992832642848187,0.320791519242316,0.498490246082879
"g1579",312.258963842671,-1.18206450991644,0.657023800322425,-1.79911977212448,0.0719997366334903,0.19029065295061
"g1580",0,NA,NA,NA,NA,NA
"g1581",721.16393377338,-0.32365828713939,0.64968676658563,-0.498175896117366,0.618360070099459,0.754249682278574
"g1582",99.8726711331619,-0.879677206602111,0.679206590763757,-1.29515410857973,0.195267072271087,0.367263975307796
"g1583",0,NA,NA,NA,NA,NA
"g1584",226.740773834353,1.17967631237129,0.662064496811268,1.7818147900288,0.0747794395838476,0.195287313445588
"g1585",29.9039371569587,1.10972243130135,0.761779852538882,1.45674951575949,0.145185536067295,0.303584963090023
"g1586",1134.58242707738,-0.12752388990463,0.64803239336938,-0.196786289095183,0.843994781039109,0.91073158596075
"g1587",22911.2608894762,3.26447239898946,0.64562222663618,5.0563197243038,4.27424527618707e-07,1.65058620771905e-05
"g1588",0,NA,NA,NA,NA,NA
"g1589",0,NA,NA,NA,NA,NA
"g1590",0,NA,NA,NA,NA,NA
"g1591",0,NA,NA,NA,NA,NA
"g1592",0,NA,NA,NA,NA,NA
"g1593",0,NA,NA,NA,NA,NA
"g1594",0,NA,NA,NA,NA,NA
"g1595",23.2153378916295,-2.14661513981426,0.839852136908762,-2.55594413049337,0.010590012061066,0.0491582401300121
"g1596",676.967215451164,-1.65676523039078,0.65151504059664,-2.5429424144584,0.0109923343633383,0.0506372763184241
"g1597",189.285771014836,-2.38501991692177,0.675045648138647,-3.53312390576572,0.000410679947433556,0.00449026569031268
"g1598",12.269674749621,-1.42672339391683,0.914354461523332,-1.56036138494899,0.118674504723551,0.267238493887402
"g1599",189.918067050129,-1.15242142548271,0.664392554560669,-1.73454897646279,0.0828207236754128,0.209067612615959
"g1600",562.227682167965,-1.89274805045244,0.653481129017513,-2.89640812321256,0.00377461152094627,0.0227308432203139
"g1601",131.058905773164,3.10130927208535,0.710459287637163,4.36521743898886,1.26996367557897e-05,0.000271174596608921
"g1602",46.6739907125313,5.43833774808856,1.21598840801877,4.47235986151324,7.73610972274002e-06,0.00017598317169819
"g1603",4790.9708679797,0.349322160983042,0.645880460257851,0.540846460726779,0.588613416101291,0.733241832686234
"g1604",41.7846308005587,1.77092016565798,0.750008669447178,2.36119959381711,0.0182159236099184,0.0718736985913086
"g1605",371.282034676866,-1.26112747322617,0.655364194819235,-1.92431549235615,0.0543150498422237,0.159002928167155
"g1606",3372.90869922497,-3.45266799097303,0.648175608183434,-5.32674779393414,9.99868442865854e-08,4.90476006432845e-06
"g1607",2267.78465081826,2.00454724925748,0.647486228740726,3.09589171210028,0.00196222007069237,0.0148939509351659
"g1608",169.859648489846,6.31690187820248,0.970828678709394,6.50671124239972,7.68138605143651e-11,9.95836834525519e-09
"g1609",807.631374786676,0.484196882519806,0.649327164181967,0.745690168575968,0.455854599499494,0.624986438989613
"g1610",15.3929257105902,0.322868397567736,0.831871163618156,0.388123079255982,0.697924953327006,0.811943129149578
"g1611",495.532964142625,-0.482406650776037,0.651804654037418,-0.740109245596677,0.459233709122396,0.62811543485844
"g1612",1503.13475274442,-0.325191861856221,0.647352822428938,-0.502340996423041,0.615427675944196,0.753203797598594
"g1613",691.522759412686,-0.881325233926642,0.65021646275646,-1.3554335892857,0.175279453983423,0.337833354418255
"g1614",118.731553941053,0.539274635920641,0.67302316620504,0.801272025986023,0.422974181860494,0.595576524497127
"g1615",0,NA,NA,NA,NA,NA
"g1616",74.14639248084,-0.18561060898591,0.687413090626649,-0.270013200965823,0.78715009778473,0.877027272854073
"g1617",429.823036497636,-2.16399719723318,0.657269742270926,-3.2924034959473,0.000993349823923912,0.00889064774346335
"g1618",1343.34864134108,-2.21480844835412,0.649167497302104,-3.41176731361121,0.000645431827046759,0.00640381276836846
"g1619",1606.72071878125,-0.437674038919937,0.647230558603094,-0.676225856616784,0.498897258431216,0.661452180321665
"g1620",4133.67575605675,-1.42362954666207,0.646156460789101,-2.20322728789789,0.0275787329132058,0.0961391611244708
"g1621",15.7996122290678,-1.21700512487601,0.850601148417796,-1.4307588546521,0.152499339033259,0.314172872128678
"g1622",64.4539192966176,-1.4685438980875,0.705134977119806,-2.08264225394962,0.037283844685631,0.121490445429839
"g1623",353.323309513678,0.196360010787605,0.65434381612294,0.300086905307763,0.764110867235345,0.862347554688748
"g1624",1.05212712110741,-3.58929158146617,2.37057675858604,-1.51410055315275,0.130000338405299,0.281482257053423
"g1625",0,NA,NA,NA,NA,NA
"g1626",0,NA,NA,NA,NA,NA
"g1627",0,NA,NA,NA,NA,NA
"g1628",0,NA,NA,NA,NA,NA
"g1629",0,NA,NA,NA,NA,NA
"g1630",0,NA,NA,NA,NA,NA
"g1631",0,NA,NA,NA,NA,NA
"g1632",0,NA,NA,NA,NA,NA
"g1633",0,NA,NA,NA,NA,NA
"g1634",0,NA,NA,NA,NA,NA
"g1635",0,NA,NA,NA,NA,NA
"g1636",0,NA,NA,NA,NA,NA
"g1637",0,NA,NA,NA,NA,NA
"g1638",0,NA,NA,NA,NA,NA
"g1639",0,NA,NA,NA,NA,NA
"g1640",0,NA,NA,NA,NA,NA
"g1641",0,NA,NA,NA,NA,NA
"g1642",0,NA,NA,NA,NA,NA
"g1643",0,NA,NA,NA,NA,NA
"g1644",0,NA,NA,NA,NA,NA
"g1645",0,NA,NA,NA,NA,NA
"g1646",222.976643115874,1.97401228312088,0.667862584817113,2.95571623264604,0.00311943948273746,0.0200062991560724
"g1647",901.05527667471,2.02947834871346,0.651011631929946,3.11742256078743,0.00182439869456074,0.0140905686409691
"g1648",244.951397649029,-1.59782663793424,0.66217881918614,-2.41298361052694,0.0158225310442979,0.0650735051411106
"g1649",309.604099359766,-2.49768947006331,0.664585969977221,-3.75826391602718,0.000171096365795192,0.00212698564327584
"g1650",0,NA,NA,NA,NA,NA
"g1651",0,NA,NA,NA,NA,NA
"g1652",20024.9728287795,0.951926214033783,0.645374885124321,1.47499730153027,0.140213268905897,0.296604991916321
"g1653",0,NA,NA,NA,NA,NA
"g1654",1.900910982976,4.29604472599437,2.25815520226483,1.90245768833144,0.057111345376143,0.161208540991757
"g1655",26.1506705832562,-4.11623823046614,1.0744037419095,-3.83118381843168,0.000127528181654137,0.00168951569125736
"g1656",6.63548302795936,-1.31654009048374,1.08068317410788,-1.21824797686016,0.223129752878295,0.396650833960925
"g1657",0,NA,NA,NA,NA,NA
"g1658",1188.45042826229,1.70243627386071,0.649061695456203,2.62291903185587,0.00871799882504024,0.0427653185606704
"g1659",152.910260387147,0.145738466289104,0.666086703259602,0.218798041720259,0.826807372399296,0.903414051615638
"g1660",1034.3870356429,-0.0671046196597445,0.648305735664645,-0.103507675419451,0.917560058112854,0.953494995863269
"g1661",3657.49032790219,0.136461513773151,0.646079146095708,0.211214855947286,0.832719618875451,0.905563875529625
"g1662",88.0096829020186,-1.09686293763782,0.685425657273631,-1.60026536211197,0.109539727521283,0.254564155507208
"g1663",155.750762716835,1.88732987626838,0.676297428104302,2.7906802507865,0.005259740435615,0.0296472946914323
"g1664",0,NA,NA,NA,NA,NA
"g1665",420.833680998534,-1.52804453728572,0.654909262156669,-2.33321564617019,0.0196368300642537,0.0763187292647119
"g1666",19.8887436714215,-4.31653512009968,1.23075813003203,-3.5072164178898,0.000452820711039828,0.00483452700316051
"g1667",21.5200505904525,1.26842001236386,0.809174250994965,1.56754865939469,0.116986501800141,0.265703073641719
"g1668",471.712157318399,0.0215065858541555,0.652007148675808,0.0329851994688007,0.97368639033245,0.984115459431598
"g1669",3600.0659715527,0.377135791134587,0.646110526588395,0.58370166653366,0.559421045832759,0.70559360541102
"g1670",161.174769911578,0.041243568083535,0.664949776427589,0.0620250875263304,0.950542853504218,0.970323554055206
"g1671",3380.74668871254,0.00651204372310278,0.64614735645084,0.0100782641267344,0.991958844779058,0.995248923866219
"g1672",2807.78875529309,-0.170292153311327,0.646342449540947,-0.263470476729904,0.792187976052874,0.879250289342317
"g1673",8.55409942339198,6.46596127933522,2.16669362132582,2.984252695302,0.00284271895636999,0.0185366909882027
"g1674",0,NA,NA,NA,NA,NA
"g1675",0,NA,NA,NA,NA,NA
"g1676",0,NA,NA,NA,NA,NA
"g1677",0,NA,NA,NA,NA,NA
"g1678",404.771843941226,1.05501709787373,0.654384132674463,1.61222903367458,0.106912109532772,0.249415782521826
"g1679",4643.02078915436,0.393408950686288,0.645905690710572,0.609081103238914,0.542470682303472,0.690936342723369
"g1680",0,NA,NA,NA,NA,NA
"g1681",23.5911744303142,2.69468347991234,0.900872154336239,2.99119410777857,0.00277888791854284,0.0184075969786688
"g1682",1485.34155104253,1.82350292540831,0.64843941861617,2.81214076914053,0.00492129604476249,0.0281771366600754
"g1683",63.7622037242985,1.07577524115137,0.701793304098048,1.53289470684529,0.125301800282343,0.278306031977867
"g1684",0,NA,NA,NA,NA,NA
"g1685",0,NA,NA,NA,NA,NA
"g1686",1.425683237232,3.88100866997155,2.29623807327888,1.69015953316623,0.090997437894114,0.219496269765882
"g1687",1059.5529158458,1.0990585339287,0.648760158992256,1.69409067233091,0.0902480545262953,0.219496269765882
"g1688",0,NA,NA,NA,NA,NA
"g1689",0,NA,NA,NA,NA,NA
"g1690",0,NA,NA,NA,NA,NA
"g1691",0,NA,NA,NA,NA,NA
"g1692",0,NA,NA,NA,NA,NA
"g1693",0,NA,NA,NA,NA,NA
"g1694",0,NA,NA,NA,NA,NA
"g1695",0,NA,NA,NA,NA,NA
"g1696",0,NA,NA,NA,NA,NA
"g1697",0,NA,NA,NA,NA,NA
"g1698",0,NA,NA,NA,NA,NA
"g1699",0,NA,NA,NA,NA,NA
"g1700",9981.63896779326,-0.389172167024267,0.645519704602681,-0.602881932572149,0.546587236090073,0.69326054053353
"g1701",1254.72303477925,0.994667018379355,0.648127150888778,1.5346788311759,0.124862738163831,0.278068551861783
"g1702",0,NA,NA,NA,NA,NA
"g1703",0,NA,NA,NA,NA,NA
"g1704",0,NA,NA,NA,NA,NA
"g1705",71.8033841544731,-0.723117120493701,0.690851066104502,-1.04670479061592,0.295235753563777,0.474206099750668
"g1706",11.4894321150188,-0.021085749341534,0.882573072284468,-0.0238912221590393,0.980939375988345,0.986920713646811
"g1707",0,NA,NA,NA,NA,NA
"g1708",3614.3999288745,0.306311839287679,0.646100507165441,0.474093172642015,0.63543346699811,0.768944354445506
"g1709",146.259352369292,0.611182329492496,0.668120502758205,0.914778587050314,0.360307878255509,0.538251595936049
"g1710",0,NA,NA,NA,NA,NA
"g1711",87.1454740502535,-0.49860161637898,0.681994960760402,-0.731092816027637,0.464722462045543,0.632443981039449
"g1712",539.925646488375,-0.710221268689023,0.651436849252798,-1.09023809369036,0.27560827703762,0.454340620184632
"g1713",63.2315793186245,-1.84322344153935,0.714273575885464,-2.58055667151674,0.0098641164543625,0.0471141351701788
"g1714",5.3291768328034,2.02330487435044,1.29931211581081,1.55721235085061,0.119420076968625,0.268251781804524
"g1715",358.919809987866,-0.219169147286229,0.654147123258901,-0.335045648743892,0.737590651523955,0.8430270985617
"g1716",0.950455491487998,3.29604811023646,2.37056909796141,1.39040372755678,0.164406315195475,0.322940976276827
"g1717",0,NA,NA,NA,NA,NA
"g1718",0,NA,NA,NA,NA,NA
"g1719",6347.56047977426,-0.752112419888546,0.645729476642765,-1.16474846989932,0.244120822896087,0.418781463074848
"g1720",139.064675378425,0.95398697807074,0.670957467740134,1.42182928715867,0.155075815245354,0.318036841435388
"g1721",4140.04983309159,0.45765016170309,0.645998393577095,0.708438544512377,0.478672963390758,0.644209976983038
"g1722",192.325593726667,2.02775341901676,0.672001051099115,3.01748548711375,0.00254881245346681,0.0176568496299323
"g1723",598.491194989283,-0.752951868024552,0.650865824620185,-1.15684652587796,0.24733506934315,0.423096501690741
"g1724",1221.56680996099,0.109513524793299,0.647840228279931,0.169044032791953,0.865762006595745,0.921067596582239
"g1725",149.751598601265,-0.360019894384694,0.666606524230422,-0.540078564037948,0.589142852991629,0.733397996008098
"g1726",325.198087907034,-2.8968772348223,0.667673754611118,-4.33876158051108,1.43287866015213e-05,0.000292210648109677
"g1727",803.052257127168,-2.01050629709917,0.651283160612637,-3.08699259966734,0.00202192630281901,0.0149739035612466
"g1728",1608.767833909,-0.188852726870845,0.647199129854814,-0.291800032106363,0.770439520689892,0.866118311540442
"g1729",1072.43838570477,0.00935761533334991,0.6481979747516,0.0144363538576866,0.98848185622354,0.992858090230063
"g1730",487.825906126566,0.656151154022577,0.652203351892009,1.00605302336935,0.314390064496033,0.493979468810417
"g1731",58.2473890447129,1.85338234939363,0.724346438027607,2.5586960218102,0.010506556764728,0.0488958987896956
"g1732",406.21241420033,-0.748066445418705,0.653527630130081,-1.14465924764314,0.25235033900363,0.427652535286263
"g1733",43.1063619856111,-0.213730724571231,0.716333323330138,-0.298367697844386,0.765422540277451,0.862347554688748
"g1734",0,NA,NA,NA,NA,NA
"g1735",0,NA,NA,NA,NA,NA
"g1736",0,NA,NA,NA,NA,NA
"g1737",0,NA,NA,NA,NA,NA
"g1738",0,NA,NA,NA,NA,NA
"g1739",0,NA,NA,NA,NA,NA
"g1740",0,NA,NA,NA,NA,NA
"g1741",0,NA,NA,NA,NA,NA
"g1742",0,NA,NA,NA,NA,NA
"g1743",0,NA,NA,NA,NA,NA
"g1744",0,NA,NA,NA,NA,NA
"g1745",0,NA,NA,NA,NA,NA
"g1746",0,NA,NA,NA,NA,NA
"g1747",0,NA,NA,NA,NA,NA
"g1748",0,NA,NA,NA,NA,NA
"g1749",0,NA,NA,NA,NA,NA
"g1750",0,NA,NA,NA,NA,NA
"g1751",178.326963305491,-1.19636883037152,0.665845552948953,-1.79676626970465,0.0723727333058861,0.190648056531471
"g1752",0,NA,NA,NA,NA,NA
"g1753",2737.57470683216,2.18143732509496,0.647246900089145,3.37033259609974,0.000750775072656776,0.00717187766774762
"g1754",279.373956992421,1.92005370230597,0.662948306435433,2.89623441777806,0.00377670166118824,0.0227308432203139
"g1755",198.710920557673,-0.719352209709272,0.662044891667418,-1.08656107578675,0.277230835164917,0.45577351976841
"g1756",740.349559759682,-0.769480942987443,0.64979486651693,-1.1841905540314,0.236337640470576,0.408915936562532
"g1757",57.7013396491424,-0.272147348581996,0.699146472892106,-0.389256556578516,0.697086369811155,0.811943129149578
"g1758",1579.84694467785,-0.653575482214077,0.647315973191681,-1.00966994370853,0.31265344709341,0.493979468810417
"g1759",0,NA,NA,NA,NA,NA
"g1760",1857.99279636065,0.263694751760858,0.646951279001389,0.407595997287289,0.683570303436586,0.801472933292897
"g1761",18.328258402217,-1.14661590149977,0.82246208420013,-1.39412615307962,0.163279512853778,0.322940976276827
"g1762",1.05212712110741,-3.58929158146617,2.37057675858604,-1.51410055315275,0.130000338405299,0.281482257053423
"g1763",836.093665748481,-0.215823170087604,0.649051246538874,-0.332521000827749,0.73949588463914,0.844141528691849
"g1764",11.0142043692748,-0.146616530900578,0.89146123018444,-0.164467646978034,0.869363013877891,0.922599114836018
"g1765",3.80182196595199,5.29604100967454,2.19979505496391,2.40751564457054,0.0160614740316819,0.0650735051411106
"g1766",321.810331695265,0.494055413382302,0.655533135167638,0.75366962686937,0.451047624264678,0.620190483363933
"g1767",1075.14810887958,-0.186954767997018,0.648192601128353,-0.288424717702073,0.77302164928176,0.86767736143871
"g1768",4477.95969309164,0.263845557667682,0.64592284234475,0.408478444127943,0.682922452921371,0.801472933292897
"g1769",512.075665726846,0.47682025862771,0.6516953639777,0.731661271483322,0.464375340356612,0.632443981039449
"g1770",5.15896397591766,-2.14661292641203,1.31038985831109,-1.63814830586275,0.101390760213786,0.239614882536487
"g1771",11.1844172261605,1.70137873727668,0.973743700240759,1.74725519339023,0.0805930815820315,0.205156301642899
"g1772",526.356506811279,-0.165833962694286,0.651302681920523,-0.254618885040186,0.799017471673815,0.88374048862077
"g1773",77.442136721255,1.57466654602368,0.699704821058327,2.25047262593095,0.0244189592927286,0.0886408222326047
"g1774",2.85136647446399,4.8810050904053,2.2194189561099,2.19922654844784,0.0278618174939238,0.0961391611244708
"g1775",42.1559064941231,-0.284120015637887,0.718060753032685,-0.395676848286059,0.692343436946778,0.808105040552028
"g1776",293.362927755331,0.0499723555680525,0.656123572604239,0.0761630242451216,0.93928939958863,0.963169638561222
"g1777",0,NA,NA,NA,NA,NA
"g1778",12.3382159768873,0.68345783866084,0.881828318243889,0.775046371862844,0.438312258818568,0.61007419459793
"g1779",8900.03137784042,0.695387648608371,0.645581423982364,1.07714940792251,0.281413523055218,0.458908844874412
"g1780",506.250070826771,4.52722027863,0.68581776852419,6.601200036523,4.07842794478499e-11,6.1686222664873e-09
"g1781",2700.53161789473,1.04086406470388,0.646573506927196,1.60981551757437,0.107438136549633,0.250321203899338
"g1782",22.9434534051243,-3.46854131370857,0.994307471352562,-3.48839912566512,0.000485922135399476,0.00515759459502952
"g1783",2.63031780276854,-4.91121515892072,2.23500250237436,-2.19740924392849,0.0279912316840935,0.0962198589140715
"g1784",186.85249317165,0.123472706564477,0.66232144350265,0.186424141594297,0.852112162009043,0.915377443000558
"g1785",0,NA,NA,NA,NA,NA
"g1786",623.384652737657,0.119378500065712,0.650373068297405,0.18355387989578,0.854363446770967,0.915445839323762
"g1787",962.288424808296,-1.79492305771235,0.649872094592507,-2.76196358121491,0.00574548868190815,0.0315047189053272
"g1788",12.0154956755725,-0.146616543474443,0.873594492842369,-0.167831350444305,0.866715958219353,0.921067596582239
"g1789",0,NA,NA,NA,NA,NA
"g1790",30.9360784430493,-4.97949918413798,1.22207386565003,-4.07463028553463,4.60875061030582e-05,0.000767420399789456
"g1791",4.10683685481024,-1.73157595346633,1.34307297605174,-1.28926423533343,0.197306240147151,0.368806205836334
"g1792",2.85136647446399,4.8810050904053,2.2194189561099,2.19922654844784,0.0278618174939238,0.0961391611244708
"g1793",1692.11417583342,1.97854458888509,0.648230993710027,3.0522215199265,0.00227154396710555,0.0162317019696716
"g1794",66.5627343839528,1.22016507732502,0.701629920424785,1.73904367787835,0.0820270803702358,0.207641772485325
"g1795",42.2221672988293,-1.97669047273245,0.751282926703748,-2.63108664189292,0.00851123344650988,0.0422073461896596
"g1796",105.153292573716,0.11391097678503,0.675317025636754,0.168677780154623,0.866050097191788,0.921067596582239
"g1797",4.3278855265057,2.85337424706382,1.66065627499917,1.71822085642933,0.085756338711069,0.212537449188651
"g1798",0,NA,NA,NA,NA,NA
"g1799",0,NA,NA,NA,NA,NA
"g1800",0,NA,NA,NA,NA,NA
"g1801",0,NA,NA,NA,NA,NA
"g1802",0,NA,NA,NA,NA,NA
"g1803",0,NA,NA,NA,NA,NA
"g1804",5.90607620816682,0.853382437366919,1.0939760649672,0.780074139366572,0.435347237256306,0.606857645129803
"g1805",329.31914526523,1.44690748273541,0.657850820454847,2.1994461931886,0.0278462111132926,0.0961391611244708
"g1806",173.011469008048,1.99386373098615,0.674508454686813,2.95602481648942,0.00311632015664327,0.0200062991560724
"g1807",101.882095013438,1.89670987684669,0.69235404832357,2.7395086104274,0.0061531103048074,0.0333370006066431
"g1808",0,NA,NA,NA,NA,NA
"g1809",0,NA,NA,NA,NA,NA
"g1810",0,NA,NA,NA,NA,NA
"g1811",0,NA,NA,NA,NA,NA
"g1812",7.3648898477519,-6.3966363890533,2.17431285530587,-2.94191168186487,0.00326192943066689,0.0204858197808319
"g1813",0,NA,NA,NA,NA,NA
"g1814",0.526063560553707,-2.58929567907527,2.58075382973868,-1.00330982724433,0.315711396044123,0.493979468810417
"g1815",0,NA,NA,NA,NA,NA
"g1816",2805.81676555937,1.78747291673785,0.646888998072234,2.76318336231505,0.00572406001371821,0.0314823300754502
"g1817",444.619614965871,-0.541635507170626,0.652603009903745,-0.829961705586546,0.406560435238974,0.5792050156662
"g1818",0,NA,NA,NA,NA,NA
"g1819",0,NA,NA,NA,NA,NA
"g1820",2436.55017719533,-0.391321409570726,0.646532100576289,-0.605262150513362,0.545004826033429,0.692220965185916
"g1821",22.3179986375113,1.89291040321857,0.838921313061228,2.25636227587464,0.0240479521630835,0.08764464493172
"g1822",5.22750520318399,5.75547080973983,2.18360796388036,2.63576196136972,0.00839485992241615,0.0419742996120808
"g1823",268.49803956419,-4.31653899359767,0.705438548370415,-6.11894402931199,9.41974805455848e-10,7.43340987783637e-08
"g1824",573.979877079249,-2.88508232289916,0.657946136433175,-4.38498254361614,1.15995079995229e-05,0.000253651891796797
"g1825",1876.88332421728,-2.59454489580525,0.648585710551577,-4.00031152952594,6.3259151465674e-05,0.000981327862480328
"g1826",18507.9839407899,-1.5522245691314,0.645416819382715,-2.40499553546802,0.0161726633597818,0.0652770294695054
"g1827",111.580871497316,-1.51049913144458,0.680919384265005,-2.21832300026975,0.02653281703031,0.0940567634961184
"g1828",1447.49367279036,-0.151606074864136,0.647420388040374,-0.23416944795795,0.814853432654766,0.894712026780642
"g1829",9790.25929247914,0.664284408070029,0.645544130283197,1.02903020399025,0.303465481896101,0.484423790361851
"g1830",989.67673180898,0.921657489496899,0.64884706408872,1.4204541262606,0.155475514688468,0.318137608973584
"g1831",218.547085959749,2.00190508201044,0.668585025391879,2.99424157882845,0.00275128009917502,0.0184075969786688
"g1832",0,NA,NA,NA,NA,NA
"g1833",499.470126108574,0.802459493783289,0.652230548886312,1.23033104651951,0.218573162822138,0.392393956995232
"g1834",647.608123203265,0.446629629484369,0.650320194932906,0.686784191794086,0.492218732976084,0.65544900979574
"g1835",873.035211606757,-0.403252422052498,0.648927712912819,-0.621413470296149,0.53432761138667,0.685941268779055
"g1836",31.3627507965438,0.175311325419155,0.741670677258738,0.236373542590516,0.813142824514279,0.893374229112238
"g1837",50.3187443889339,-0.436123010513872,0.707367604493606,-0.616543658125376,0.537535766927284,0.688005093024488
"g1838",805.683650865986,-0.121524972416514,0.649187838719696,-0.187195392717431,0.851507437068842,0.915377443000558
"g1839",1330.25754780032,-1.16821043835914,0.647979392049986,-1.80285122133796,0.0714115833880124,0.189214633356558
"g1840",2179.78849813497,-1.94435170183426,0.647384247789559,-3.00339668206802,0.0026698418376157,0.0182496596823104
"g1841",0,NA,NA,NA,NA,NA
"g1842",11800.1991348195,-0.0453919764988019,0.645466026869714,-0.0703243464554396,0.943935504806914,0.965751376113049
"g1843",331.681601458589,-0.190205424206788,0.654868278546338,-0.290448370211184,0.771473243635863,0.866475208662804
"g1844",260.989763962249,-1.35960935266218,0.660014302166087,-2.05996953126637,0.0394014536951957,0.125557065585529
"g1845",620.040353104992,0.060334738954746,0.650388927852426,0.0927671680297055,0.926088534618064,0.955571739813408
"g1846",433.183299088222,-0.361239446415668,0.652675424467437,-0.553474871082251,0.579938283071499,0.725922747430876
"g1847",93.0207002786274,0.853383010038041,0.682517165413486,1.25034658948254,0.211172966254037,0.384432230442404
"g1848",7177.7443035384,-1.41658415189395,0.645746643938021,-2.19371508190124,0.0282558988969364,0.0969460425291864
"g1849",0,NA,NA,NA,NA,NA
"g1850",138.100537351577,-5.83591055855443,0.916849154811129,-6.36518071476722,1.95059936488355e-10,2.15423168871114e-08
"g1851",0,NA,NA,NA,NA,NA
"g1852",0,NA,NA,NA,NA,NA
"g1853",0,NA,NA,NA,NA,NA
"g1854",620.245438818767,-0.901855398908903,0.650813264493857,-1.38573604459381,0.165827517603255,0.324668990620201
"g1855",5.38001264761311,1.26841920520802,1.17056801312971,1.08359291470531,0.278545333720328,0.456693568836853
"g1856",14428.0547758348,2.98852361010139,0.645777629557251,4.62779054788617,3.69587518504107e-06,0.000101636567588629
"g1857",1196.57047609648,0.720658856621064,0.648093066448326,1.11196816310721,0.266151839167977,0.44440256494009
"g1858",13.3218018707284,-1.58718795499273,0.907279657116159,-1.7493921995757,0.08022324830013,0.204789304732399
"g1859",702.404442172549,-0.684159402429944,0.649979385158878,-1.05258630973767,0.292530634341523,0.47069423876761
"g1860",1091.32476213385,-1.31922163912104,0.648727004301833,-2.03355437706928,0.0419965457325773,0.12956560543054
"g1861",302.668700256093,0.755772528353217,0.656660327778458,1.15093374212215,0.249759495002222,0.426040547294724
"g1862",3349.99127785359,-1.02006977797808,0.646262664402757,-1.57841359893624,0.114470623086919,0.261667734134456
"g1863",20.910020812736,7.7554623725377,2.15086834790889,3.60573550681412,0.000311270051581946,0.00357566546595717
"g1864",12.8465741249844,-1.80958009613631,0.934190847504619,-1.93705611756956,0.0527384839749058,0.155506330081352
"g1865",37.164874952531,-2.19724135663736,0.775130833229283,-2.83467159664312,0.00458728147142195,0.0266003701937087
"g1866",0.950455491487998,3.29604811023646,2.37056909796141,1.39040372755678,0.164406315195475,0.322940976276827
"g1867",0,NA,NA,NA,NA,NA
"g1868",96.9504830088714,-2.65214311495831,0.709716950520431,-3.73690259618783,0.000186301050572227,0.00228470545127427
"g1869",243.620544773736,-4.00790793278405,0.70030416831982,-5.72309592616003,1.04600164434009e-08,6.13694989962951e-07
"g1870",7.68761014906678,-1.60604645843613,1.0610506106801,-1.51363793797423,0.130117693480894,0.281482257053423
"g1871",66.8631884276907,-1.88358115394582,0.711664132482201,-2.64672767387632,0.00812747744452008,0.041029081339194
"g1872",0,NA,NA,NA,NA,NA
"g1873",251.445237377336,-3.19771903866784,0.679064618201107,-4.7090055245977,2.48928324999244e-06,7.05945171677544e-05
"g1874",16.7831981229089,-5.10079989558507,1.60148483788956,-3.18504413835532,0.00144731931486682,0.011675042473259
"g1875",685.549884431789,-2.00321351809525,0.652300454304785,-3.07099819550218,0.00213344440264849,0.015488806363228
"g1876",49.6733037863041,-0.86790012935353,0.711791552728624,-1.21931782700493,0.22272358496424,0.396316967362839
"g1877",306.773256688343,0.434462565807808,0.655954356581608,0.662336580965684,0.507755537780795,0.664934951991296
"g1878",1511.24314136488,2.65758761267591,0.649867446280336,4.08943027980124,4.3243402186032e-05,0.000747493094929982
"g1879",1280.38720405443,-1.55531108897992,0.648430737861001,-2.39857705405896,0.016458913188919,0.0662370896627227
"g1880",0,NA,NA,NA,NA,NA
"g1881",0,NA,NA,NA,NA,NA
"g1882",1073.39568246394,0.250117322780996,0.648230586692214,0.385846221878071,0.699610560860747,0.811943129149578
"g1883",2334.89530560278,0.443195954735114,0.646618194604224,0.6854059450127,0.49308779361783,0.656124886668886
"g1884",312.752434968896,1.11257547935773,0.65724402973547,1.69278902359223,0.0904956327333734,0.219496269765882
"g1885",18.3636692271302,2.26841903343494,0.910060160862848,2.49260338051081,0.0126810408706359,0.0555944183096721
"g1886",0,NA,NA,NA,NA,NA
"g1887",5.53252009204224,-0.40965049892806,1.08601996294532,-0.37720347038288,0.706022401469216,0.817238940476165
"g1888",24.5570549116987,-0.205510245672339,0.765670611236705,-0.268405555412922,0.788387163753927,0.877328450161482
"g1889",525.313501380412,0.491806437407352,0.651544804008279,0.754831339889102,0.450350186932574,0.619700977469766
"g1890",20.7729383582033,0.55382269706484,0.791461378227744,0.699746964665504,0.484085340997092,0.648211647800191
"g1891",339.831294786064,0.205765537127836,0.654710336803637,0.314284845619522,0.753304706982459,0.856135280634417
"g1892",2147.54262858769,-1.21129760931755,0.646939300335551,-1.87235125256618,0.0611580244116209,0.167930127544769
"g1893",14835.139840012,-2.93089151192319,0.645702694474784,-4.53907276057936,5.65021383528836e-06,0.000140481343986964
"g1894",1434.20553929001,0.295568602771075,0.647476176303152,0.456493402519706,0.648035213986856,0.779918616035457
"g1895",2871.58744577835,0.331630422093082,0.646337888231336,0.513091415699873,0.607887376038245,0.747682136153595
"g1896",125.046597090258,1.08927120500919,0.674749946007205,1.61433314882779,0.106455183599438,0.248669444315289
"g1897",86.265840208592,0.755535725366669,0.684581403047329,1.10364628954788,0.269746602996571,0.448342568167377
"g1898",102.217959882089,0.36285559131373,0.676728441906453,0.536190839403036,0.591826663942671,0.735990004701119
"g1899",1439.43317304365,-1.5957335587639,0.64811248890649,-2.46212437821752,0.0138116760518697,0.0594032986591076
"g1900",10399.5119505849,-1.11653878985071,0.645545156712796,-1.72960602095797,0.0837006895821301,0.210119988370078
"g1901",177.104623327498,-1.31203934763723,0.666631631862334,-1.96816245273549,0.0490493489200465,0.146407517637104
"g1902",10063.6799271419,-0.768793872806663,0.64553216065089,-1.19094588878653,0.233674828186039,0.405928912748532
"g1903",1208.29704839158,-0.915325493731451,0.648091444019822,-1.41234003654499,0.157849863186115,0.32004157745543
"g1904",157.759648629087,-0.91583575550901,0.66707676163346,-1.37290909859672,0.169780607677953,0.329432453915853
"g1905",0,NA,NA,NA,NA,NA
"g1906",0,NA,NA,NA,NA,NA
"g1907",173.365039289156,1.17816505565184,0.667163910481156,1.76593043649821,0.0774075201590469,0.200420326802668
"g1908",0,NA,NA,NA,NA,NA
"g1909",0,NA,NA,NA,NA,NA
"g1910",0,NA,NA,NA,NA,NA
"g1911",0,NA,NA,NA,NA,NA
"g1912",28.1378282059552,-0.353067347293528,0.752133423537633,-0.469421164177079,0.638768623430981,0.771880859871658
"g1913",0,NA,NA,NA,NA,NA
"g1914",1552.42202236574,-1.60783327510757,0.647911422104976,-2.48156340550987,0.0130807436162643,0.0572085534060716
"g1915",1.900910982976,4.29604472599437,2.25815520226483,1.90245768833144,0.057111345376143,0.161208540991757
"g1916",2.37613872871999,4.61797165985415,2.2349940207416,2.06621208692175,0.0388084580655006,0.124667878564396
"g1917",2.10425424221483,-4.5892881797993,2.258163564981,-2.03230990481326,0.0421222923781135,0.12956560543054
"g1918",0,NA,NA,NA,NA,NA
"g1919",2270.04838232305,0.741512617541699,0.646729059828219,1.14655837135053,0.251564189663748,0.42685568210445
"g1920",2445.8540786911,1.00109617359599,0.646702022320744,1.54800223138854,0.121621759277126,0.271851592472887
"g1921",489.64861622401,-1.55957854765738,0.65363806060721,-2.3859971468133,0.0170328832071051,0.0682443333794607
"g1922",3.80182196595199,5.29604100967454,2.19979505496391,2.40751564457054,0.0160614740316819,0.0650735051411106
"g1923",3633.57120580696,0.597889929782214,0.646129129722953,0.925341239511329,0.35478843365952,0.532182650489281
"g1924",525.344351360205,0.268421226308162,0.651393859530617,0.412072085698783,0.680286588038708,0.799689221042912
"g1925",1224.19256691863,-0.0358567483256432,0.647824452720661,-0.0553494826801552,0.955860041078169,0.972469716679863
"g1926",3.80182196595199,5.29604100967454,2.19979505496391,2.40751564457054,0.0160614740316819,0.0650735051411106
"g1927",1444.0957189523,-0.699666095607583,0.647530537222173,-1.08051443968815,0.279913160221762,0.457695843065313
"g1928",25.251050906578,-8.17423638586586,2.14996066421264,-3.80203997307059,0.00014350956578199,0.00186049901353079
"g1929",0,NA,NA,NA,NA,NA
"g1930",0,NA,NA,NA,NA,NA
"g1931",2401.14456992612,-0.458747785401526,0.646559547242526,-0.709521323067632,0.47800102402801,0.644209976983038
"g1932",800.399006548336,0.361226041420319,0.649304543099343,0.556327605065058,0.577986919203979,0.72447946019007
"g1933",0,NA,NA,NA,NA,NA
"g1934",6398.36065042431,1.37646349092067,0.64583505646564,2.131292622072,0.0330650425099006,0.109313391904316
"g1935",1616.53190248906,0.806164063431362,0.647376910766321,1.24527775091188,0.213029671140515,0.387423700521076
"g1936",145.534506394619,2.2159524183293,0.683380992896983,3.24263103797408,0.00118431472803858,0.0100877505061453
"g1937",0,NA,NA,NA,NA,NA
"g1938",6.65318844041598,6.10339270077615,2.17430409225054,2.80705570234142,0.00499965955564562,0.0284463388510871
"g1939",32.5165495472706,-0.102222490737031,0.737826324224575,-0.138545464401074,0.889809340643844,0.935298869814549
"g1940",106.271680499529,-0.490100495818291,0.675494136502371,-0.725543671416563,0.468118563370554,0.635478827612233
"g1941",390.218042434239,-1.64441709296979,0.656076202377598,-2.50644221968497,0.0121952988030185,0.0541185020231752
"g1942",51.7929830184154,-2.53893251809289,0.755735904489677,-3.35954994728926,0.000780695376342901,0.00736419131803028
"g1943",154.93510925732,1.54937654679781,0.672748236459418,2.30305553077623,0.0212757188959233,0.0797839458597124
"g1944",331.903188098309,2.15021968775795,0.661715713647059,3.24946142794006,0.00115623757574866,0.00999319619039915
"g1945",11.6927753742576,-1.05350640279169,0.902885019876669,-1.16682233019615,0.243282127202415,0.41814115612915
"g1946",1447.54517512365,-1.59128352819362,0.648091851297481,-2.45533642339102,0.0140752794550995,0.0603939295768453
"g1947",31.3119149817341,0.268420676764858,0.742412717644298,0.361551830114881,0.717686966653273,0.825503136781272
"g1948",1.05212712110741,-3.58929158146617,2.37057675858604,-1.51410055315275,0.130000338405299,0.281482257053423
"g1949",171.225374222028,0.87207922071379,0.665811605423264,1.30979876831585,0.190263919938731,0.359343407584595
"g1950",4718.45457793138,0.641316521266874,0.645919025772964,0.992874486859119,0.320771124477821,0.498490246082879
"g1951",883.726695674716,-0.411757848511877,0.64888515284496,-0.634561981741412,0.525714130276687,0.680093475732136
"g1952",18.4122246193798,-7.71855891490047,2.15370295352062,-3.5838549147565,0.000338560191916553,0.00379685741182017
"g1953",2025.15291930198,1.52053954779676,0.647320514565587,2.34897475606376,0.0188251830573975,0.0736373001059837
"g1954",850.459011018101,0.129749449039603,0.648995757442641,0.199923416373134,0.841540476515963,0.909705756329049
"g1955",736.797893990683,-0.134854805297746,0.649560884794035,-0.207609184072877,0.835534132758638,0.906994288849838
"g1956",6.7548600700354,2.43834181393068,1.27686966777162,1.90962466685111,0.0561815567876671,0.161208540991757
"g1957",1426.70987028738,-0.00207407359902256,0.647452500373583,-0.00320343746888893,0.997444031073641,0.997444031073641
"g1958",78.4125780477598,9.66234448152484,2.14278924774111,4.50923696378947,6.50612059618935e-06,0.000159575795703833
"g1959",0,NA,NA,NA,NA,NA
"g1960",0,NA,NA,NA,NA,NA
"g1961",0.475227745743999,2.29605134051971,2.58074822374486,0.889684363392864,0.373635392471387,0.54910788448224
"g1962",0,NA,NA,NA,NA,NA
"g1963",0,NA,NA,NA,NA,NA
"g1964",0,NA,NA,NA,NA,NA
"g1965",0,NA,NA,NA,NA,NA
"g1966",8.28221493688681,1.55382147271627,1.04724308578409,1.48372569254339,0.137881707328404,0.293726876527057
"g1967",1.9517467977857,1.43834002648107,1.78644834762752,0.805139442397675,0.42073921725673,0.592889502578388
"g1968",95.175790335652,0.731704523419513,0.680832285581923,1.07472066016098,0.28249981106357,0.459323741652412
"g1969",240.298511398649,-2.30707984806365,0.66800994539086,-3.45366092822727,0.000553032230690567,0.00573573427830503
"g1970",828.771565961348,1.00883055695291,0.649645757931237,1.55289331860718,0.120448623272296,0.269684727268811
"g1971",62.3542258995231,1.56120178753903,0.71196250197425,2.19281462606509,0.0283207377193933,0.0969558080619721
"g1972",122.710430031571,6.85337324791508,1.21040324842303,5.66205787768992,1.49568355885132e-08,8.22625957368224e-07
"g1973",29.9393479818719,8.27330839971793,2.14754945385615,3.85244138842174,0.000116945974662215,0.00156528843123347
"g1974",700.822766581816,0.990592844001494,0.650431995609959,1.52297680724107,0.12776450800225,0.281482257053423
"g1975",5489.77093756345,0.892143910615847,0.645848459766191,1.38135176623138,0.16717082872591,0.326603933409608
"g1976",7.60364393190398,6.2960369847398,2.17002648654777,2.90136411871911,0.0037154187637869,0.0225793666616055
"g1977",2700.92890185586,-1.3366847413328,0.646630055773476,-2.06715529134183,0.0387195234832461,0.124667878564396
"g1978",1335.69577549844,-0.424600403639398,0.647640584724419,-0.655611173317793,0.512074334542944,0.66768313016914
"g1979",153.169000306316,1.23061837400563,0.670378016691411,1.8357081278996,0.0664008352212452,0.179608816582057
"g1980",3729.07092093044,0.268870452102582,0.646069770761607,0.416163182786944,0.677290598622891,0.797717350097695
"g1981",3.42826584982741,1.17530918195383,1.36865702997779,0.858731702837852,0.390488555419988,0.563831923697118
"g1982",0,NA,NA,NA,NA,NA
"g1983",606.552899222499,0.344479303028266,0.650604041498253,0.5294761191999,0.596475206330214,0.739644234277166
"g1984",2139.7212923427,-0.522482373192662,0.64673611514459,-0.807875671325161,0.419162157835384,0.592407088965184
"g1985",2.57948198795883,-2.14661006278209,1.73722760829968,-1.2356527449406,0.216587669797758,0.389996585858484
"g1986",0,NA,NA,NA,NA,NA
"g1987",1378.78550800765,0.517334659857502,0.647628541694188,0.798813867134641,0.424398348508012,0.596194274413345
"g1988",62.8471590577237,2.22924903081962,0.731082093096428,3.04924583965372,0.00229416661841398,0.0163290682840054
"g1989",132.426911927906,0.388979751854447,0.669732529006917,0.580798654697613,0.561376161883557,0.7075678707074
"g1990",0,NA,NA,NA,NA,NA
"g1991",3.32659422020799,5.10339667790114,2.20822665240791,2.31108372518566,0.0208282307501817,0.078429956040622
"g1992",1261.19125189137,-0.491639803812166,0.647800892678587,-0.758936595130779,0.447890486427824,0.616951470282184
"g1993",995.365782222547,0.3929598038464,0.648512404426634,0.605940304555663,0.544554394234892,0.692133211159894
"g1994",1071.89569266781,1.28111594663735,0.648906640634589,1.97426851015811,0.0483512195212673,0.145053658563802
"g1995",817.370660908612,1.21852552172157,0.649969534603735,1.87474251768502,0.0608281545812095,0.167531260341267
"g1996",17.021952207061,-0.146616579215261,0.813105011093532,-0.180316905215083,0.85690378474993,0.91605072021874
"g1997",1046.58696467874,1.11297330888665,0.648817709678531,1.71538676007795,0.0862743412062112,0.212807483731129
"g1998",1092.70404185093,1.32692457238653,0.648887680486374,2.04492181357478,0.040862566979107,0.128759651158124
"g1999",9.69019276166219,-1.26209269834986,0.960870433468281,-1.31348895167302,0.189018241396253,0.357735253528884
"g2000",11.8121524163336,0.853382696175653,0.898069570460874,0.950241188706252,0.341989714306962,0.51948651541303
"g2001",2271.66439280265,-0.328668859918466,0.64662307090423,-0.508285080918717,0.611253431209089,0.750306711887617
"g2002",88.8099113716376,0.0481996068199425,0.680631446670863,0.0708160151219853,0.943544185601221,0.965751376113049
"g2003",11.0319097817314,3.24569566094377,1.24742183927784,2.60192306944279,0.00927026448042176,0.0448680800852413
"g2004",12075.6062605865,-1.08856765647138,0.64549421215664,-1.68640963152001,0.091716927591372,0.22077748485191
"g2005",69.1422163719116,1.0904220231991,0.697748926990406,1.56277133653564,0.118106388405125,0.266663527671979
"g2006",17387.250278997,-3.88329928521536,0.645938828984498,-6.01186847881622,1.83397089555726e-09,1.38694048976518e-07
"g2007",175.272253571788,-1.19724187142949,0.666204462929304,-1.79710875271716,0.0723183564561694,0.190648056531471
"g2008",24438.6003507768,-3.72052569286557,0.645674512659311,-5.76223100017067,8.30092788871555e-09,5.38078004214954e-07
"g2009",11671.3296777584,0.75915397849042,0.64549266229575,1.17608459837549,0.239561071827037,0.413075295761487
"g2010",417.769183056104,3.06054000691248,0.665891454210682,4.59615450470124,4.3035963153278e-06,0.00011297048349173
"g2011",3462.83902184405,-0.90209155123591,0.646202902896337,-1.39598808236957,0.162718083985262,0.322940976276827
"g2012",7467.71601393907,0.453197943009233,0.64563915677258,0.701936891923777,0.482718520593254,0.647677629045171
"g2013",63.2892564011146,3.31281290686398,0.789106763130385,4.19818085669682,2.69067710261314e-05,0.000493543762220762
"g2014",966.538518866833,0.670299624831025,0.648749123650778,1.03321854380161,0.301501636701482,0.482562143397875
"g2015",0,NA,NA,NA,NA,NA
"g2016",0,NA,NA,NA,NA,NA
"g2017",81.4781519262388,-0.0580798546083032,0.68366506535752,-0.084953667448154,0.93229822550497,0.959252425902223
"g2018",263.178522389652,1.12861794801843,0.659551171157285,1.71119087854562,0.0870458819746599,0.214076254449875
"g2019",1823.35026428161,0.528657208807596,0.64703838132942,0.817041498715122,0.41390471300172,0.587362825721753
"g2020",1419.89397677624,-1.23931887794965,0.647852123360229,-1.91296568038035,0.0557524461626985,0.161208540991757
"g2021",213.737131419819,0.533626363140977,0.660784680635251,0.807564670881852,0.419341231462539,0.592407088965184
"g2022",1720.1551503558,-1.21839300208658,0.647376605063903,-1.88204669825274,0.0598296754426159,0.166041071755883
"g2023",1137.6188934306,-0.743883693957641,0.648179072145713,-1.1476515147197,0.251112454341611,0.426750097968187
"g2024",1270.89230879781,-0.683928563726595,0.647842429143926,-1.05570202407143,0.291104372140734,0.468814938274562
"g2025",74.4359823798018,0.358618543660462,0.68811020329613,0.521164403525244,0.602252249106148,0.743892078030639
"g2026",3561.94218593693,-0.224200599078703,0.6461006005321,-0.347005712259146,0.728587027351055,0.835196443628896
"g2027",488.0332722629,-0.369928177582398,0.651842723617757,-0.567511401414869,0.570366782622849,0.716908386745479
"g2028",1549.09637553112,1.04781216658003,0.647602362798187,1.61798694194474,0.105665411821552,0.24714268357747
"g2029",3448.45450957454,0.875051076782816,0.646232496839374,1.35408089358328,0.175710571113406,0.337833354418255
"g2030",108.60610510368,5.33235073726846,0.917539296234816,5.81157750861475,6.18868676831194e-09,4.2799991808849e-07
"g2031",33.7411699478239,8.44577483174207,2.14668259732515,3.93433796047252,8.34263284701054e-05,0.00121068071947682
"g2032",839.069508078166,0.823009909445653,0.649408984058894,1.26732141015625,0.205040388007853,0.377815537293658
"g2033",2.00258261259541,-0.146616345112197,1.58038860682795,-0.0927723374357121,0.926084427739266,0.955571739813408
"g2034",1381.58496273125,-0.42911887385426,0.647560322268713,-0.662670115968273,0.507541853176428,0.664934951991296
"g2035",317.245434539143,-1.60684173501262,0.658386060407603,-2.44057678562913,0.0146638281987555,0.0617513878903508
"g2036",13.7970296164724,-1.39454309110501,0.886560339974326,-1.57298158763271,0.115723081673509,0.264196104713809
"g2037",0,NA,NA,NA,NA,NA
"g2038",1.4765190520417,0.853379096586876,1.88103427319158,0.453675463945128,0.650062429291175,0.779918616035457
"g2039",0,NA,NA,NA,NA,NA
"g2040",0,NA,NA,NA,NA,NA
"g2041",220.593663119474,0.552516877071491,0.66034678106593,0.836707155866832,0.402757195842211,0.575278303793515
"g2042",0,NA,NA,NA,NA,NA
"g2043",427.97296132947,-2.21054940337536,0.657566007680906,-3.36171483555162,0.000774600736621903,0.00736073474852751
"g2044",811.854770292977,-0.415550808743254,0.649212280141387,-0.640084640193119,0.522117574210536,0.676888140851517
"g2045",396.935749224826,-0.135700359862688,0.653278046846847,-0.20772221034775,0.835445874573705,0.906994288849838
"g2046",284.795683764603,0.469778470891221,0.65682822098259,0.71522272625322,0.47447142827451,0.641703161190936
"g2047",557.8004054344,-1.70164892197756,0.652978530311589,-2.60597989518211,0.00916118388032413,0.0446977116741621
"g2048",80.507710599734,-1.64704467636858,0.696405891573924,-2.36506424815872,0.0180269433081175,0.0714602937791099
"g2049",501.995953891138,-0.708610724986344,0.651904611365307,-1.08698529298984,0.277043309396588,0.45577351976841
"g2050",928.16163011306,-0.205827649203042,0.648668364847931,-0.317307981022467,0.751009922061175,0.854597497517888
"g2051",612.292785450875,-0.475486409765632,0.650545379849132,-0.730904291220855,0.464837614714394,0.632443981039449
"g2052",0,NA,NA,NA,NA,NA
"g2053",0,NA,NA,NA,NA,NA
"g2054",0.526063560553707,-2.58929567907527,2.58075382973868,-1.00330982724433,0.315711396044123,0.493979468810417
"g2055",0,NA,NA,NA,NA,NA
"g2056",2323.4211699272,1.66832274692956,0.647149245973533,2.57795671911791,0.00993864454463541,0.0473455114134207
"g2057",248.298515672279,1.93215974071538,0.66523622652687,2.90447162025885,0.00367873552741837,0.0225793666616055
"g2058",142.983593963893,0.534700832281674,0.668369261578906,0.800008113806037,0.423706096179911,0.596144623694991
"g2059",128.837554911433,7.93017784540588,1.58281476248417,5.010174300472,5.43807598991332e-07,2.01430773912096e-05
"g2060",1.900910982976,4.29604472599437,2.25815520226483,1.90245768833144,0.057111345376143,0.161208540991757
"g2061",20.5695950989645,1.1753106638473,0.811849214319129,1.44769575817474,0.147702156782319,0.3074305212843
"g2062",493.990722253902,1.00007601389749,0.652630453191516,1.53237718069527,0.125429385210961,0.278306031977867
"g2063",2565.90628788115,0.40705047131654,0.646484427665241,0.629636931529179,0.528932154734665,0.682120318732312
"g2064",521.005601688923,0.702230545183484,0.651812525127981,1.07735049283627,0.281323712528253,0.458908844874412
"g2065",83.8365852425022,-0.30226726698279,0.682840861141848,-0.442661363992391,0.658010692259356,0.78365446617502
"g2066",31.1262771349518,1.68988357528721,0.778825712831536,2.16978400615894,0.0300232125511123,0.100993353167614
"g2067",2.05341842740512,-1.73157353046234,1.78645072446829,-0.969281439866032,0.33240478705882,0.511283634331999
"g2068",0,NA,NA,NA,NA,NA
"g2069",0,NA,NA,NA,NA,NA
"g2070",1870.50230113047,1.01320363071581,0.647171553865516,1.56558740053391,0.117445241527352,0.266121240164975
"g2071",887.928362891466,-0.722683129491788,0.649003869339965,-1.11352668856467,0.265482292620614,0.444110779181907
"g2072",157.010255974277,-1.69410336335324,0.672373651992273,-2.51958618297063,0.0117492873697403,0.0527845459803925
"g2073",0,NA,NA,NA,NA,NA
"g2074",3.05470973370283,-1.14661427411503,1.40616196232552,-0.815421199574163,0.414831253605128,0.587758567754338
"g2075",1538.87730081832,0.546243499912352,0.647384582960667,0.843769707048368,0.398798106364845,0.572641268237496
"g2076",568.44897089128,1.31366070938136,0.652248035883358,2.0140508473931,0.0440041952909034,0.134006064518439
"g2077",3908.62747489916,1.14280549328812,0.646173135354157,1.76857475305246,0.0769648670922085,0.199558905389083
"g2078",1202.12982329122,1.0506266545622,0.648298484709888,1.62059094590103,0.105105395299848,0.246468078125612
"g2079",5045.26949515314,1.3191108243458,0.645992648074253,2.04199045960996,0.0411524776930419,0.129448435030972
"g2080",76.7458603038156,1.30655535266008,0.695649696724163,1.87818000757089,0.0603565441660179,0.166992572654455
"g2081",1.900910982976,4.29604472599437,2.25815520226483,1.90245768833144,0.057111345376143,0.161208540991757
"g2082",693.286459390668,5.15411476431227,0.68960553598364,7.47400433344918,7.77905773271367e-14,2.35316496414588e-11
"g2083",266.109832204183,5.78674240913181,0.807043934788537,7.17029415585418,7.48367914683567e-13,1.69785970643834e-10
"g2084",1751.91359497558,0.434946297933404,0.647090020305893,0.67215732631419,0.501483544637138,0.663405709560063
"g2085",102.083157850116,0.729647726192553,0.678467240352921,1.07543545626906,0.282179814718668,0.459323741652412
"g2086",2830.43564898111,0.608647587926997,0.646396713605133,0.941600684403856,0.346397119216364,0.522619095077059
"g2087",1.425683237232,3.88100866997155,2.29623807327888,1.69015953316623,0.090997437894114,0.219496269765882
"g2088",4.8031132722497,3.02329886728497,1.65192950488594,1.83016215785414,0.067225694563426,0.180762423159434
"g2089",0,NA,NA,NA,NA,NA
"g2090",0,NA,NA,NA,NA,NA
"g2091",18.922863190037,0.158237804301669,0.798635810438203,0.198135122709869,0.842939345580025,0.910517581331753
"g2092",2320.90123602673,0.284650097909568,0.646603318676814,0.440223688446367,0.659775104516619,0.784259947666213
"g2093",2192.79711081218,-0.0939567327002586,0.64666301305698,-0.145294737449256,0.884478169544189,0.931705094441499
"g2094",3559.81927889667,-1.40818239744072,0.64630653381311,-2.17881504173052,0.0293454110824914,0.0991842106419403
"g2095",3674.38229602333,-1.25770485316982,0.646226628358586,-1.94622876554065,0.0516272660073917,0.15286050212629
"g2096",35.6552254981362,-1.1776428776744,0.74232866174196,-1.58641709308505,0.112644725466561,0.258470514186863
"g2097",7.11071077370336,-0.994612475076611,1.03141082129547,-0.964322319041946,0.334884354473027,0.513342289922174
"g2098",0,NA,NA,NA,NA,NA
"g2099",886.441517662672,0.283528254118952,0.648879485597181,0.436950559252176,0.662147204001682,0.785488349845132
"g2100",42.3615301759221,1.59754353512779,0.742567654902823,2.1513777560603,0.0314463954482175,0.104917661284034
"g2101",1794.62293010098,1.02316616943638,0.6472602380679,1.58076475157901,0.113931836805095,0.261093792678343
"g2102",0,NA,NA,NA,NA,NA
"g2103",3.80182196595199,5.29604100967454,2.19979505496391,2.40751564457054,0.0160614740316819,0.0650735051411106
"g2104",4.95562071667882,0.438345396784017,1.13291968097472,0.386916569766784,0.698817973828589,0.811943129149578
"g2105",2367.4850857729,-0.559322959277265,0.646593497854301,-0.86503028739596,0.387022165331145,0.561956184060822
"g2106",0,NA,NA,NA,NA,NA
"g2107",0,NA,NA,NA,NA,NA
"g2108",8.36618115404961,-4.05349657985171,1.62369130274252,-2.49646997123474,0.0125436288675037,0.0551251486550103
"g2109",108.409065144097,-0.833458191486243,0.676331123687963,-1.23232269267971,0.217828566222515,0.391444403657292
"g2110",1.425683237232,3.88100866997155,2.29623807327888,1.69015953316623,0.090997437894114,0.219496269765882
"g2111",30.8875230507998,0.133491172497179,0.742848867142728,0.179701657230272,0.857386792343544,0.91605072021874
"g2112",1290.56107973359,0.298918060335352,0.647730610841037,0.461485153445545,0.644450570639674,0.777379486484021
"g2113",1148.37999466187,0.430049023970553,0.648083340120407,0.663570558518993,0.506965205940643,0.664934951991296
"g2114",79.5086997159965,-0.439812709357737,0.685209537091082,-0.64186600674718,0.520960187435602,0.675870436165559
"g2115",0,NA,NA,NA,NA,NA
"g2116",11.0319097817314,3.24569566094377,1.24742183927784,2.60192306944279,0.00927026448042176,0.0448680800852413
"g2117",429.136419738462,0.441123167660717,0.652910023229877,0.675626276157512,0.499277954292386,0.661452180321665
"g2118",626.4370820488,-0.0222879388665461,0.650326705071477,-0.0342719108607057,0.972660323592476,0.984045979554261
"g2119",8560.47261029316,-0.791914185314094,0.645593324909755,-1.22664555960951,0.219955837547462,0.393320044481422
"g2120",23.3878311710754,4.40796552295378,1.2252477858759,3.59761149847957,0.000321152838104666,0.00366598994440232
"g2121",27890.4204453703,-0.569858205095922,0.645311689461243,-0.883074356783594,0.377196098065859,0.551660691369487
"g2122",7422.81712531732,0.850371834005841,0.645673282559257,1.31703116262643,0.187828179147915,0.356731798108311
"g2123",15.2227128537044,-0.935111903683144,0.845596681296521,-1.10586042302031,0.268786937195102,0.447567239457899
"g2124",44.9541567312172,-2.29636237120751,0.75873157905755,-3.02658072313256,0.0024733676977828,0.0173326732489412
"g2125",90.3703966408421,-0.307081053560271,0.680197858247113,-0.451458424687821,0.651659183106413,0.78121625980062
"g2126",1392.68367128571,0.0211115732371525,0.647508683579386,0.0326043090579869,0.973990133527554,0.984115459431598
"g2127",0,NA,NA,NA,NA,NA
"g2128",211.363273113659,0.934683243703356,0.662181008083322,1.41152227607492,0.158090672008315,0.32004157745543
"g2129",39.1011967604203,-0.220617114028622,0.723242875206922,-0.30503876580257,0.760336627574937,0.859819924640816
"g2130",99.9212265254115,-2.00222555815082,0.69247589206836,-2.89140110303387,0.00383528281301366,0.0229737237809234
"g2131",5181.9566749997,-0.127665311084165,0.645815360436403,-0.197680821648306,0.843294795712769,0.910517581331753
"g2132",38.0313642268562,-0.893850082546603,0.731363238710791,-1.2221698264767,0.221643411778367,0.394781935601311
"g2133",135.81748653026,-0.633881963245297,0.669413242974065,-0.946921755579693,0.343678651109515,0.520692486902614
"g2134",16.6152656885833,1.32731358963601,0.854862841756372,1.55266263171406,0.120503754168047,0.269684727268811
"g2135",126.081018798908,0.811319033788613,0.672690773401064,1.20608021674901,0.22778656203782,0.40159964584849
"g2136",82.4817236550966,1.0109241787162,0.688652613045675,1.46797406931374,0.142111266671281,0.300249545474308
"g2137",846.803393196922,0.584512949342248,0.649193591820286,0.90036771266229,0.367924597243354,0.54691494184823
"g2138",645.112607432469,0.403314195994467,0.650313713881569,0.620184054842055,0.535136618048502,0.686191131762978
"g2139",402.421994347179,0.291305034448295,0.653291891866106,0.445903336740017,0.655667071867619,0.782918246999822
"g2140",1872.6512164383,-0.168995467258693,0.646915877458355,-0.261232523651534,0.793913198405073,0.88023974044301
"g2141",0,NA,NA,NA,NA,NA
"g2142",0,NA,NA,NA,NA,NA
"g2143",0,NA,NA,NA,NA,NA
"g2144",0,NA,NA,NA,NA,NA
"g2145",0,NA,NA,NA,NA,NA
"g2146",1724.75989063149,0.828742766177696,0.647249648246202,1.28040666908552,0.200402149703478,0.372674079622758
"g2147",178.066480931786,1.25392085784552,0.667061450028555,1.87976813499242,0.060139685027424,0.166646608129427
"g2148",532.284849277022,0.216638714887837,0.651289601456484,0.332630391155281,0.739413299659254,0.844141528691849
"g2149",16.9379859898982,2.12640013188975,0.913749450423987,2.32711508707676,0.0199591407358871,0.0767496619399048
"g2150",250.583846916156,0.836410156578642,0.659244248609031,1.26874092317593,0.204533481630511,0.377648290090922
"g2151",0,NA,NA,NA,NA,NA
"g2152",0,NA,NA,NA,NA,NA
"g2153",0,NA,NA,NA,NA,NA
"g2154",0,NA,NA,NA,NA,NA
"g2155",1089.62022459197,0.856316914881904,0.648464844118164,1.32052943601961,0.186658314781589,0.355120378751136
"g2156",11.8806936436,6.93989046729886,2.15920933507681,3.21408876599358,0.00130859212165642,0.0108949298202129
"g2157",53.766996073778,2.0392487580152,0.737030329952268,2.7668451014048,0.00566016419123272,0.0312255258574085
"g2158",12.4575930189634,3.43834048171569,1.24244599066964,2.76739633556428,0.0056506013021471,0.0312255258574085
"g2159",0,NA,NA,NA,NA,NA
"g2160",103.216970765827,-0.471711646355958,0.676315831481102,-0.697472429889642,0.485507187412916,0.649370335412264
"g2161",242.102311597126,-1.22014475114831,0.66056107035055,-1.84713390769577,0.0647277352803708,0.176397656957767
"g2162",1337.12883797138,0.261541075111723,0.647634677657394,0.40384044297591,0.686330054312226,0.803670353920445
"g2163",0,NA,NA,NA,NA,NA
"g2164",0,NA,NA,NA,NA,NA
"g2165",0,NA,NA,NA,NA,NA
"g2166",0,NA,NA,NA,NA,NA
"g2167",0,NA,NA,NA,NA,NA
"g2168",65.0816544867908,-1.59831169828115,0.707015026457018,-2.2606474239884,0.0237810985873672,0.0870215603549827
"g2169",84.095325161671,1.73139197602094,0.698448724345875,2.47891064249915,0.0131784316753733,0.057488693724759
"g2170",1340.8484361747,-0.130460036653165,0.647596430459969,-0.201452680275743,0.840344626530203,0.908954408314851
"g2171",2249.34237128804,-0.132490356791138,0.646626616290021,-0.204894684897589,0.837654407963137,0.907746036627179
"g2172",13428.776049927,0.326347415823637,0.645437475197656,0.505622044526773,0.613122003097259,0.751729490952678
"g2173",393.68963631271,4.48455821967525,0.695658425757187,6.44649450596972,1.144667636592e-10,1.38504784027632e-08
"g2174",0,NA,NA,NA,NA,NA
"g2175",0,NA,NA,NA,NA,NA
"g2176",669.623387374478,0.647380130591773,0.65029982214479,0.995510237810941,0.319488167503401,0.497743368256371
"g2177",86.1087719190426,-1.19814622281655,0.687294666011841,-1.74327880320827,0.0812849260996507,0.206627648278524
"g2178",43.0378207583447,-0.802661800729751,0.720674186550089,-1.11376516005401,0.265379947075293,0.444110779181907
"g2179",415.471911731402,0.204112165271321,0.652987000697481,0.312582279667591,0.754598042735562,0.856532487532861
"g2180",0,NA,NA,NA,NA,NA
"g2181",2.47781035833941,0.438344846644334,1.46653889776738,0.298897524853693,0.765018235709843,0.862347554688748
"g2182",211.142224441964,0.853383185219829,0.661895664106753,1.28930167018316,0.197293230574258,0.368806205836334
"g2183",1499.44708045693,0.841322753574343,0.647564479259283,1.29921078212426,0.19387160226427,0.365776463731446
"g2184",8.6557710530114,2.85337876025983,1.25977544626673,2.26498997794856,0.0235132945331154,0.0863899384162034
"g2185",403.342137826899,2.8924820100354,0.664776713649983,4.35105795772254,1.35482231224424e-05,0.000282643965140609
"g2186",0,NA,NA,NA,NA,NA
"g2187",0,NA,NA,NA,NA,NA
"g2188",0,NA,NA,NA,NA,NA
"g2189",0,NA,NA,NA,NA,NA
"g2190",0,NA,NA,NA,NA,NA
"g2191",3.32659422020799,5.10339667790114,2.20822665240791,2.31108372518566,0.0208282307501817,0.078429956040622
"g2192",88.1159153767583,0.841310174056513,0.684436447258462,1.22920130484929,0.218996339820054,0.392752273018923
"g2193",1845.3877947104,0.713272643572903,0.647072174498353,1.10230770489532,0.270327920822948,0.448897691028042
"g2194",1943.27974007098,-0.946426497466031,0.647007782393469,-1.46277451866951,0.143529087742607,0.301860132390302
"g2195",57.9201078982777,-1.61476455883703,0.714652977054935,-2.25950861562409,0.023851764989441,0.0871045341163689
"g2196",0,NA,NA,NA,NA,NA
"g2197",1026.89820790795,-0.233993203847692,0.648338075620237,-0.360912327451756,0.718164987866462,0.825503136781272
"g2198",6427.35154247015,0.41658774462761,0.645709137584325,0.645163155327358,0.518821460200168,0.67454222798231
"g2199",856.730059620176,0.513063324450924,0.649106156909178,0.790415125461076,0.429285371676067,0.601488969065773
"g2200",8320.04196293649,-1.85525669190037,0.645747911457126,-2.87303552823577,0.00406548393836746,0.0241138998305129
"g2201",993.854518864079,-1.73157760500899,0.649620775909663,-2.66552066870747,0.00768692063419505,0.0394494928526669
"g2202",0,NA,NA,NA,NA,NA
"g2203",1683.15285192353,1.4483995734335,0.647689890271771,2.23625471879105,0.0253350907306425,0.0909609235409717
"g2204",91.1220697182116,1.98148719666848,0.699531713173159,2.83259094527712,0.00461724296787739,0.0266888407219665
"g2205",708.437274658497,0.664294390476165,0.650035009285424,1.02193632802396,0.30681103711001,0.487716414332184
"g2206",3001.73681511565,2.05467707097301,0.64696397253692,3.17587556369803,0.00149385015215329,0.0119442203795517
"g2207",0,NA,NA,NA,NA,NA
"g2208",12.355921389344,6.99647375425618,2.15846772073084,3.24140763702838,0.00118940970155102,0.0100877505061453
"g2209",295.390057048064,1.04848975601162,0.65773429767089,1.59409317671959,0.110915166959705,0.256774270448807
"g2210",2883.71750054996,2.51960912879556,0.647482156293798,3.89139546828263,9.96693278241411e-05,0.00139153715385243
"g2211",129.920532012334,2.32872025506449,0.690048656653996,3.37471891671569,0.000738911198459713,0.00709589325504963
"g2212",33.893677392253,4.3558788158658,1.06801987188335,4.07846233065365,4.53345458100241e-05,0.000767420399789456
"g2213",1282.0732411149,0.233875980073321,0.647733953558727,0.361067964383183,0.718048640804717,0.825503136781272
"g2214",142.610037847769,0.484415443167095,0.668270937300504,0.724878812063716,0.468526380346283,0.635557085447312
"g2215",880.146460348485,0.337973747897715,0.648924304261316,0.520821528302037,0.602491104520683,0.743892078030639
"g2216",12.7626079078216,1.02330757523293,0.889985974347014,1.14980191230961,0.250225467446929,0.426040547294724
"g2217",404.535370279634,1.17531126553931,0.654691109116071,1.79521494820076,0.0726194597395027,0.19102075279304
"g2218",2846.39514789032,0.937550769225891,0.646470204828854,1.45026137666174,0.146985645238474,0.306588119094862
"g2219",12.7626079078216,1.02330757523293,0.889985974347014,1.14980191230961,0.250225467446929,0.426040547294724
"g2220",18.3128334123205,2.5758471390446,0.946370428110917,2.72181702062092,0.00649240797106431,0.0346118101317281
"g2221",147.990050495382,0.511102130760202,0.6675250952922,0.765667290061169,0.44387429467794,0.614048662225962
"g2222",58.6894863881038,2.80091427636544,0.764338966085333,3.66449232689354,0.000247829669141467,0.00295928190455107
"g2223",587.415828628447,0.774213274118466,0.651147940373895,1.18899750135723,0.234440650169937,0.406797112866572
"g2224",1119.65050860915,-1.24229865194511,0.648566133917537,-1.91545408706625,0.0554346190720718,0.160982133785297
"g2225",799.009400654504,-2.31711023834522,0.65216999691474,-3.55292369981281,0.000380974948901431,0.00421627763570791
"g2226",100.047444835168,1.0825168987479,0.681871767933309,1.5875666799183,0.112384357733826,0.258199505426448
"g2227",0,NA,NA,NA,NA,NA
"g2228",0,NA,NA,NA,NA,NA
"g2229",0,NA,NA,NA,NA,NA
"g2230",0,NA,NA,NA,NA,NA
"g2231",0,NA,NA,NA,NA,NA
"g2232",0,NA,NA,NA,NA,NA
"g2233",0,NA,NA,NA,NA,NA
"g2234",33.8736915572363,-0.713656851452158,0.738508684389144,-0.96634862465085,0.333869762446854,0.512668036244535
"g2235",65.5791484901117,1.78749447956363,0.714184723875399,2.5028461402312,0.0123199089133032,0.0543498703447404
"g2236",4769.08328370568,-0.972345385087726,0.645936764148146,-1.50532596851031,0.13224029193561,0.284859120458207
"g2237",2557.65853638359,-1.12985190302185,0.646629819470944,-1.74729322558348,0.0805864875957916,0.205156301642899
"g2238",13.306376880832,7.10338850065881,2.15714277524362,3.29296168161914,0.000991379848412056,0.00889064774346335
"g2239",0.950455491487998,3.29604811023646,2.37056909796141,1.39040372755678,0.164406315195475,0.322940976276827
"g2240",13268.6289079887,2.33007743900171,0.645647111657193,3.60890244366007,0.000307495209014206,0.00355480130166105
"g2241",1.425683237232,3.88100866997155,2.29623807327888,1.69015953316623,0.090997437894114,0.219496269765882
"g2242",11195.2225315075,-0.76895581767947,0.64549784618718,-1.19126008277414,0.233551499124797,0.405928912748532
"g2243",275.140901827854,0.738519353575574,0.657755429865261,1.12278716380473,0.261527898267551,0.440457375803182
"g2244",16.9711163922513,0.0233083120194561,0.813627670621101,0.0286473934713445,0.977145813054326,0.984741616154137
"g2245",670.66357441476,-1.01573874775863,0.65051541324754,-1.56143686540462,0.118420709317797,0.266998245232053
"g2246",0,NA,NA,NA,NA,NA
"g2247",171.576664080576,-0.264797701835998,0.663820520198765,-0.398899542540068,0.689967226279247,0.80636865144677
"g2248",1540.08434435688,-1.10392888081895,0.647562966132475,-1.70474369065929,0.0882422375249471,0.216431974469972
"g2249",179.905153987152,-1.2145925779744,0.665762418019024,-1.82436338414598,0.0680971537666376,0.182564747542758
"g2250",5070.11678271611,-1.34535201230453,0.645960608399117,-2.08271525354883,0.0372771862324438,0.121490445429839
"g2251",15.6802351869918,-3.95396554041374,1.23745085180318,-3.19525057068097,0.00139709487147298,0.0114356395952857
"g2252",7562.07122808488,7.3265615207628,0.663167462487483,11.0478302015625,2.24577229305644e-28,2.03803835594872e-25
"g2253",105097.265563316,7.65694489920453,0.646835281597004,11.8375498632355,2.49639643962261e-32,4.53095953791503e-29
"g2254",0,NA,NA,NA,NA,NA
"g2255",102.326472779389,5.99633468262751,1.05824157303251,5.6663193314588,1.45897510792862e-08,8.22625957368224e-07
"g2256",173.237078524864,6.01929031410924,0.915610418199532,6.57407363925112,4.89569992973007e-11,6.83515028650776e-09
"g2257",1151.51182934506,0.172786214472217,0.648010086669329,0.266641242207064,0.789745398177874,0.878301407900025
"g2258",1127.85278020597,-1.73245325682498,0.649097467057082,-2.66901866784303,0.0076073221992276,0.0392252550897673
"g2259",54.662054905336,-1.37543455536239,0.71348969970153,-1.92775670894446,0.053885394739114,0.157999986189809
"g2260",609.677892638003,-0.562349419185673,0.650617822541387,-0.864331408858542,0.387405860773327,0.561967768060173
"g2261",3.58077329425653,-1.46854190003452,1.36865761181232,-1.0729797484485,0.283280202600158,0.459323741652412
"g2262",91.3339966996664,-2.16707948223191,0.700284532530552,-3.09456996629775,0.0019709844089513,0.0148939509351659
"g2263",777.401360969793,-1.4559433610212,0.650352262612095,-2.23869961668697,0.0251754674971341,0.0906616537843223
"g2264",3.95432941038112,0.590348137056496,1.2354479090417,0.477841382656442,0.632763104670492,0.768944354445506
"g2265",3760.8266757101,0.125602357480853,0.646054341815393,0.194414539693231,0.845851306089747,0.911109863829609
"g2266",68.499056191842,2.46219123993963,0.733077024788478,3.35870741638652,0.000783079297178978,0.00736419131803028
"g2267",1.05212712110741,-3.58929158146617,2.37057675858604,-1.51410055315275,0.130000338405299,0.281482257053423
"g2268",604.970147695717,0.0702550622994163,0.650519593974849,0.10799837998751,0.913996977277229,0.951206716604455
"g2269",1041.25671190989,-0.196608353476543,0.648290864831751,-0.303271824642428,0.761682716373164,0.860805809599809
"g2270",80.4614356300446,0.671179750360738,0.686705082381834,0.977391558007338,0.328375340773018,0.506803778488969
"g2271",1674.73475901862,0.587624837742334,0.647219661139649,0.907921796917637,0.363919540604186,0.541849028873336
"g2272",618.774556547895,1.67169793263693,0.652518679366646,2.56191582784961,0.0104096543698878,0.0488958987896956
"g2273",964.45371249161,0.106033340748264,0.648543754140577,0.163494506070411,0.87012909847339,0.922599114836018
"g2274",1495.8326387923,0.410108093248874,0.647407826354477,0.633461747841655,0.526432152964496,0.680537291759658
"g2275",39.0172305432575,0.639258184667387,0.727785591066055,0.878360594816127,0.379748061691231,0.554053643062367
"g2276",198.971940899402,0.510495640962188,0.661873316668152,0.771289048986,0.440535621918646,0.610826702660308
"g2277",831.916673762331,-4.22258879378492,0.664113039858225,-6.35823804135266,2.04081048133863e-10,2.15423168871114e-08
"g2278",57.7144842164787,-5.30311499644636,1.06278435486368,-4.9898316362839,6.04319406394384e-07,2.15066612275649e-05
"g2279",358.738732986204,0.365534086267453,0.654335650854529,0.55863391485713,0.576411589083978,0.723504173020346
"g2280",3110.09020273272,-0.21219328690355,0.646231994834888,-0.328354659935655,0.742643520308561,0.846778101861812
"g2281",34.605378799589,1.52080710661215,0.759769922259088,2.00166795507015,0.0453204550469548,0.137323248598035
"g2282",7425.10996434736,0.58743087437819,0.64565026918846,0.909828280744856,0.362913077487589,0.541238484502854
"g2283",82.6210865321895,4.21970269070065,0.83009505404941,5.08339697979874,3.70743702563113e-07,1.46282569598272e-05
"g2284",7.12841618615998,6.20292796510559,2.17202375090693,2.8558287921647,0.00429246530872571,0.0250508827502803
"g2285",42.3461051860256,6.31279781841203,1.58784473901533,3.97570219763853,7.01718931171872e-05,0.00105257839675781
"g2286",3388.43885970673,0.0533702637288539,0.646146296262774,0.0825978018252841,0.934171349193423,0.96027018852506
"g2287",0,NA,NA,NA,NA,NA
"g2288",823.103705869308,0.230353328211138,0.64914575354891,0.354856096572743,0.722697400553302,0.829662101204455
"g2289",0,NA,NA,NA,NA,NA
"g2290",0,NA,NA,NA,NA,NA
"g2291",0,NA,NA,NA,NA,NA
"g2292",287.805860983152,-0.955970305302153,0.657375566811549,-1.45422244690181,0.145884643608049,0.304695774624405
"g2293",0,NA,NA,NA,NA,NA
"g2294",107.715069149218,-0.186880282254205,0.674539831384585,-0.277048550076883,0.781742827032117,0.873146603731257
"g2295",630.738140472608,-0.598076686881152,0.650459931346443,-0.919467376942254,0.357851161637878,0.536333491637282
"g2296",1495.3242806442,0.42998296060365,0.647413741779079,0.664154825354905,0.50659122322114,0.664934951991296
"g2297",45.9577284600751,-0.0210857456152445,0.711996413145029,-0.0296149604491751,0.976374133834059,0.984510584949342
"g2298",1256.11692065111,-2.46213238863303,0.649945957282736,-3.78821094437852,0.000151735994707027,0.00193944246755813
"g2299",0,NA,NA,NA,NA,NA
"g2300",0,NA,NA,NA,NA,NA
"g2301",0,NA,NA,NA,NA,NA
"g2302",0,NA,NA,NA,NA,NA
"g2303",0,NA,NA,NA,NA,NA
"g2304",11519.7865809247,-0.775234496229678,0.645489551905734,-1.20100239258852,0.22975027322974,0.40289540667824
"g2305",5.58335590685195,-0.953970340475693,1.11083349780909,-0.858787876272381,0.390457557552569,0.563831923697118
"g2306",0,NA,NA,NA,NA,NA
"g2307",0,NA,NA,NA,NA,NA
"g2308",112.827758155446,1.3643446878735,0.680539866734137,2.00479759462277,0.0449846898087803,0.136533799336014
"g2309",0,NA,NA,NA,NA,NA
"g2310",6593.96387356137,0.85031611967318,0.645733684456987,1.31682168692846,0.187898401648234,0.356731798108311
"g2311",3370.07034876738,-1.95127943152142,0.646614880676533,-3.01768408032901,0.00254714289652753,0.0176568496299323
"g2312",11.5733983321816,-7.04871039599389,2.16184546178739,-3.26050613727315,0.00111213560360026,0.0097513339156255
"g2313",30.3791649027027,1.14288927724616,0.761057459152656,1.50171220779916,0.133171449743336,0.285704706009639
"g2314",205.149901594074,0.5847893910115,0.661552425828964,0.883965303700195,0.376714942883148,0.551660691369487
"g2315",415.558158371125,0.329950482809392,0.653065061824745,0.505233708089466,0.613394697576262,0.751729490952678
